"Bill","Year","SC.Position","Dem.House","Dem.Senate","Com.1","Pass.Com.1","Pass.Floor.1","Pass.Com.2","Pass.Floor.2","Pass.Governor"
"HB461",2015,NA,0,0,2,1,1,0,0,0
"HJ506",2015,NA,0,0,12,1,1,1,1,0
"HJ608",2015,NA,0,0,12,1,1,0,0,0
"HB881",2015,NA,0,0,5,0,0,0,0,0
"HB910",2015,NA,0,0,7,0,0,0,0,0
"HB1001",2015,NA,0,0,5,0,0,0,0,0
"HB1059",2015,NA,0,0,5,1,1,0,0,0
"HB1228",2015,NA,0,0,5,0,0,0,0,0
"HB1234",2015,NA,0,0,2,0,0,0,0,0
"HB1297",2015,NA,0,0,7,1,1,1,1,1
"HB1345",2015,NA,0,0,7,1,1,1,1,1
"HB1364",2015,NA,0,0,2,1,1,1,1,1
"HB1446",2015,NA,0,0,3,1,1,1,1,1
"HB1475",2015,NA,0,0,5,1,1,1,1,1
"HB1488",2015,NA,0,0,2,1,1,1,1,1
"HB1622",2015,NA,0,0,5,0,0,0,0,0
"HB1636",2015,NA,0,0,5,0,0,0,0,0
"HB1650",2015,NA,0,0,2,0,0,0,0,0
"HB1651",2015,NA,0,0,7,0,0,0,0,0
"HB1665",2015,NA,0,0,2,0,0,0,0,0
"HB1705",2015,NA,0,0,7,1,1,1,1,1
"HB1709",2015,NA,0,0,1,0,0,0,0,0
"HB1725",2015,NA,0,0,5,0,0,0,0,0
"HB1728",2015,NA,0,0,7,0,0,0,0,0
"HB1729",2015,NA,0,0,5,0,0,0,0,0
"HB1730",2015,NA,0,0,5,0,0,0,0,0
"HB1731",2015,NA,0,0,8,0,0,0,0,0
"HB1778",2015,NA,0,0,7,0,0,0,0,0
"HB1817",2015,NA,0,0,2,1,1,1,1,1
"HB1843",2015,NA,0,0,7,1,1,1,1,1
"HB1846",2015,NA,0,0,2,0,0,0,0,0
"HB1911",2015,NA,0,0,5,0,0,0,0,0
"HB1912",2015,NA,0,0,5,0,0,0,0,0
"HB1913",2015,NA,0,0,5,0,0,0,0,0
"HB1925",2015,NA,0,0,5,0,0,0,0,0
"HB1950",2015,NA,0,0,5,1,1,1,1,1
"HB2058",2015,NA,0,0,2,1,1,1,1,1
"HB2073",2015,NA,0,0,5,0,0,0,0,0
"HB2075",2015,NA,0,0,5,0,0,0,0,0
"HB2155",2015,NA,0,0,5,0,0,0,0,0
"HB2205",2015,NA,0,0,5,0,0,0,0,0
"HB2219",2015,NA,0,0,5,0,0,0,0,0
"HB2237",2015,NA,0,0,5,1,1,1,1,1
"HB2244",2015,NA,0,0,5,1,1,0,0,0
"HB2267",2015,NA,0,0,5,1,1,1,1,1
"HB2274",2015,NA,0,0,5,1,1,0,0,0
"HB2282",2015,NA,0,0,7,0,0,0,0,0
"HB2291",2015,NA,0,0,5,1,0,0,0,0
"HB2334",2015,NA,0,0,5,0,0,0,0,0
"HB2352",2015,NA,0,0,5,0,0,0,0,0
"SJ271",2015,NA,0,0,23,1,1,1,1,0
"SJ291",2015,NA,0,0,23,1,0,0,0,0
"SJ294",2015,NA,0,0,23,0,0,0,0,0
"SJ308",2015,NA,0,0,23,0,0,0,0,0
"SB350 ",2015,NA,0,0,17,0,0,0,0,0
"SB505",2015,NA,0,0,24,0,0,0,0,0
"SB740",2015,NA,0,0,23,0,0,0,0,0
"SB764",2015,NA,0,0,17,0,0,0,0,0
"SB778",2015,NA,0,0,24,1,1,1,1,1
"SB801",2015,NA,0,0,21,1,1,1,1,1
"SB833",2015,NA,0,0,17,0,0,0,0,0
"SB1037",2015,NA,0,0,19,1,1,1,1,1
"SB1079",2015,NA,0,0,14,1,1,1,1,1
"SB1099",2015,NA,0,0,17,1,1,1,1,1
"SB1160",2015,NA,0,0,17,0,0,0,0,0
"SB1163",2015,NA,0,0,17,1,1,1,1,1
"SB1169",2015,NA,0,0,17,0,0,0,0,0
"SB1202",2015,NA,0,0,14,0,0,0,0,0
"SB1246",2015,NA,0,0,24,0,0,0,0,0
"SB1266",2015,NA,0,0,14,0,0,0,0,0
"SB1308",2015,NA,0,0,19,1,1,1,1,1
"SB1323",2015,NA,0,0,23,0,0,0,0,0
"SB1331",2015,NA,0,0,17,1,1,1,1,1
"SB1334",2015,NA,0,0,17,1,1,1,1,1
"SB1338",2015,NA,0,0,17,0,0,0,0,0
"SB1343",2015,NA,0,0,23,0,0,0,0,0
"SB1349",2015,NA,0,0,17,1,1,1,1,1
"SB1365",2015,NA,0,0,14,1,1,1,1,0
"SB1395",2015,NA,0,0,17,1,1,1,1,1
"SB1396",2015,NA,0,0,21,0,0,0,0,0
"SB1413",2015,NA,0,0,14,1,1,1,1,1
"SB1428",2015,NA,0,0,14,0,0,0,0,0
"SB1442",2015,NA,0,0,14,0,0,0,0,0
"SB1449",2015,NA,0,0,20,1,1,0,0,0
"SB1462",2015,NA,0,0,17,0,0,0,0,0
"HB2",2016,NA,0,0,5,1,1,1,1,0
"HB23",2016,NA,0,0,7,1,1,1,1,1
"HB80",2016,NA,0,0,7,1,1,1,1,1
"HB120",2016,NA,0,0,7,0,0,0,0,0
"HB121",2016,NA,0,0,7,0,0,0,0,0
"HB283",2016,NA,0,0,5,1,1,1,1,1
"HB351",2016,NA,0,0,5,0,0,0,0,0
"HB352",2016,NA,0,0,5,0,0,0,0,0
"HB444",2016,NA,0,0,5,1,1,1,1,1
"HB445",2016,NA,0,0,7,0,0,0,0,0
"HB448",2016,NA,0,0,2,1,1,1,1,1
"HB452",2016,NA,0,0,5,0,0,0,0,0
"HB480",2016,NA,0,0,7,0,0,0,0,0
"HB493",2016,NA,0,0,1,0,0,0,0,0
"HB533",2016,NA,0,0,5,0,0,0,0,0
"HB575",2016,NA,0,0,5,0,0,0,0,0
"HB576",2016,NA,0,0,5,0,0,0,0,0
"HB618",2016,NA,0,0,5,0,0,0,0,0
"HB638",2016,NA,0,0,6,0,0,0,0,0
"HB647",2016,NA,0,0,3,1,1,1,1,1
"HB762",2016,NA,0,0,5,0,0,0,0,0
"HB883",2016,NA,0,0,3,1,1,1,1,1
"HB908",2016,NA,0,0,5,0,0,0,0,0
"HB941",2016,NA,0,0,3,0,0,0,0,0
"HB973",2016,NA,0,0,5,0,0,0,0,0
"HB976",2016,NA,0,0,2,0,0,0,0,0
"HB1050",2016,NA,0,0,7,0,0,0,0,0
"HB1053",2016,NA,0,0,5,1,1,1,1,1
"HB1118",2016,NA,0,0,5,0,0,0,0,0
"HB1137",2016,NA,0,0,5,0,0,0,0,0
"HB1152",2016,NA,0,0,7,1,1,1,1,1
"HB1174",2016,NA,0,0,5,1,1,0,0,0
"HB1220",2016,NA,0,0,5,1,1,1,1,1
"HB1250",2016,NA,0,0,2,1,1,1,1,1
"HB1261",2016,NA,0,0,5,1,1,1,1,1
"HB1285",2016,NA,0,0,5,0,0,0,0,0
"HB1286",2016,NA,0,0,5,0,0,0,0,0
"HB1305",2016,NA,0,0,7,1,1,1,1,1
"HB1340",2016,NA,0,0,2,0,0,0,0,0
"HB1358",2016,NA,0,0,2,0,0,0,0,0
"HB1378",2016,NA,0,0,5,0,0,0,0,0
"HB1389",2016,NA,0,0,8,0,0,0,0,0
"SB21",2016,NA,0,0,14,1,1,1,1,0
"SJ47",2016,NA,0,0,22,0,0,0,0,0
"SB80",2016,NA,0,0,21,0,0,0,0,0
"SB136",2016,NA,0,0,17,1,1,1,1,1
"SB139",2016,NA,0,0,17,0,0,0,0,0
"SB140",2016,NA,0,0,17,0,0,0,0,0
"SB142",2016,NA,0,0,19,0,0,0,0,0
"SB148",2016,NA,0,0,17,0,0,0,0,0
"SB182",2016,NA,0,0,19,1,1,1,1,1
"SB244",2016,NA,0,0,19,0,0,0,0,0
"SB314",2016,NA,0,0,14,1,1,1,1,1
"SB361",2016,NA,0,0,21,1,1,1,1,1
"SB395",2016,NA,0,0,17,1,1,1,1,1
"SB403",2016,NA,0,0,17,0,0,0,0,0
"SB464",2016,NA,0,0,24,1,1,1,1,1
"SB475",2016,NA,0,0,14,0,0,0,0,0
"SB482",2016,NA,0,0,14,0,0,0,0,0
"SB486",2016,NA,0,0,19,0,0,0,0,0
"SB537",2016,NA,0,0,14,0,0,0,0,0
"SB563",2016,NA,0,0,19,1,1,1,1,1
"SB571",2016,NA,0,0,14,0,0,0,0,0
"SB614",2016,NA,0,0,17,0,0,0,0,0
"SB647",2016,NA,0,0,17,0,0,0,0,0
"SB673",2016,NA,0,0,14,1,1,1,1,1
"SB706",2016,NA,0,0,20,0,0,0,0,0
"SB726",2016,NA,0,0,14,0,0,0,0,0
"SB742",2016,NA,0,0,19,1,1,0,0,0
"SB743",2016,NA,0,0,14,1,1,1,1,1
"SB745",2016,NA,0,0,17,1,1,1,1,1
"SB748",2016,NA,0,0,17,1,1,1,1,1
"SB761",2016,NA,0,0,17,0,0,0,0,0
"SB779",2016,NA,0,0,17,0,0,0,0,0
"HJ572",2017,3,0,0,12,0,0,0,0,0
"HJ672",2017,3,0,0,12,0,0,0,0,0
"HB575",2017,3,0,0,5,0,0,0,0,0
"HB576",2017,3,0,0,5,0,0,0,0,0
"HB908",2017,3,0,0,5,0,0,0,0,0
"HB1285",2017,3,0,0,5,0,0,0,0,0
"HB1286",2017,3,0,0,5,0,0,0,0,0
"HB1454",2017,3,0,0,2,1,1,1,1,1
"HB1465",2017,3,0,0,5,0,0,0,0,0
"HB1619",2017,3,0,0,2,1,1,1,1,1
"HB1632",2017,3,0,0,7,0,0,0,0,0
"HB1636",2017,3,0,0,5,0,0,0,0,0
"HB1703",2017,3,0,0,5,0,0,0,0,0
"HB1712",2017,3,0,0,8,1,1,1,1,1
"HB1800",2017,3,0,0,5,0,0,0,0,0
"HB1859",2017,3,0,0,2,0,0,0,0,0
"HB1860",2017,3,0,0,2,0,0,0,0,0
"HB1861",2017,3,0,0,2,0,0,0,0,0
"HB1870",2017,3,0,0,2,0,0,0,0,0
"HB1891",2017,3,0,0,7,0,0,0,0,0
"HB1964",2017,3,0,0,8,0,0,0,0,0
"HB1988",2017,3,0,0,8,0,0,0,0,0
"HB1993",2017,3,0,0,13,1,1,1,1,1
"HB2005",2017,3,0,0,13,0,0,0,0,0
"HB2018",2017,3,0,0,5,0,0,0,0,0
"HB2089",2017,3,0,0,6,0,0,0,0,0
"HB2112",2017,3,0,0,5,0,0,0,0,0
"SJ297",2017,3,0,0,23,0,0,0,0,0
"SB140",2017,3,0,0,17,0,0,0,0,0
"SB142",2017,3,0,0,19,0,0,0,0,0
"SB910",2017,3,0,0,14,1,1,1,1,1
"SB911",2017,3,0,0,14,1,1,1,1,1
"SB917",2017,3,0,0,17,0,0,0,0,0
"SB918",2017,3,0,0,17,0,0,0,0,0
"SB925",2017,3,0,0,19,0,0,0,0,0
"SB990",2017,3,0,0,17,1,1,1,1,1
"SB1095",2017,3,0,0,17,0,0,0,0,0
"SB1184",2017,3,0,0,24,0,0,0,0,0
"SB1208",2017,3,0,0,17,0,0,0,0,0
"SB1258",2017,3,0,0,17,1,1,1,1,1
"SB1349",2017,3,0,0,14,1,0,0,0,0
"SB1359",2017,3,0,0,18,1,1,1,1,1
"SB1392",2017,3,0,0,19,0,0,0,0,0
"SB1393",2017,3,0,0,17,1,1,1,1,1
"SB1395",2017,3,0,0,14,1,1,1,1,1
"SB1398",2017,3,0,0,14,1,1,1,1,1
"SB1399",2017,3,0,0,14,0,0,0,0,0
"SB1471",2017,3,0,0,14,0,0,0,0,0
"SB1496",2017,3,0,0,14,0,0,0,0,0
"HB1389",2017,1,0,0,8,0,0,0,0,0
"HB1438",2017,1,0,0,5,0,0,0,0,0
"HB1573",2017,1,0,0,2,1,1,1,1,1
"HB1575",2017,1,0,0,2,0,0,0,0,0
"HB1678",2017,1,0,0,8,1,1,0,0,0
"HB1679",2017,1,0,0,2,1,1,0,0,0
"HB1766",2017,1,0,0,5,1,1,1,1,1
"HB1917",2017,1,0,0,7,0,0,0,0,0
"HB1974",2017,1,0,0,5,1,1,1,1,0
"HB2008",2017,1,0,0,2,0,0,0,0,0
"HB2198",2017,1,0,0,7,1,1,1,1,0
"HB2291",2017,1,0,0,5,1,1,1,1,1
"HB2303",2017,1,0,0,5,1,1,1,1,1
"HB2390",2017,1,0,0,5,1,1,1,1,1
"SB1110",2017,1,0,0,17,1,1,1,0,0
"SB1291",2017,1,0,0,14,0,0,0,0,0
"SB1292",2017,1,0,0,20,0,0,0,0,0
"SB1394",2017,1,0,0,17,1,1,1,1,1
"SB1470",2017,1,0,0,19,1,1,1,1,0
"HB618",2017,2,0,0,5,0,0,0,0,0
"HB1509",2017,2,0,0,2,1,1,1,1,1
"HB1574",2017,2,0,0,2,1,1,1,1,1
"HB1600",2017,2,0,0,2,1,1,1,1,1
"HB1671",2017,2,0,0,5,1,1,1,1,1
"HB1760",2017,2,0,0,5,1,1,1,1,1
"HB2124",2017,2,0,0,5,0,0,0,0,0
"HB2169",2017,2,0,0,7,1,1,1,1,1
"HB2200",2017,2,0,0,2,1,1,1,1,1
"HB2320",2017,2,0,0,2,0,0,0,0,0
"HB2349",2017,2,0,0,2,0,0,0,0,0
"HB2384",2017,2,0,0,9,0,0,0,0,0
"SB875",2017,2,0,0,19,1,1,1,1,1
"SB886",2017,2,0,0,19,1,1,1,1,1
"SB1197",2017,2,0,0,17,0,0,0,0,0
"SB1226",2017,2,0,0,20,1,1,1,1,1
"SB1289",2017,2,0,0,17,1,1,1,1,1
"SB1383",2017,2,0,0,14,0,0,0,0,0
"SB1388",2017,2,0,0,17,0,0,0,0,0
"SB1418",2017,2,0,0,17,1,1,1,1,1
"SB1423",2017,2,0,0,17,0,0,0,0,0
"HJ12",2018,3,0,0,10,0,0,0,0,0
"HJ4",2018,3,0,0,10,0,0,0,0,0
"HJ27",2018,3,0,0,12,0,0,0,0,0
"HJ32",2018,3,0,0,12,0,0,0,0,0
"HJ74",2018,3,0,0,12,0,0,0,0,0
"HJ101",2018,3,0,0,12,1,0,0,0,0
"HJ129",2018,3,0,0,10,0,0,0,0,0
"HB33",2018,3,0,0,5,0,0,0,0,0
"HB54",2018,3,0,0,7,0,0,0,0,0
"HB58",2018,3,0,0,8,0,0,0,0,0
"HB96",2018,3,0,0,5,0,0,0,0,0
"HB182",2018,3,0,0,5,0,0,0,0,0
"HB204",2018,3,0,0,3,0,0,0,0,0
"HB345",2018,3,0,0,12,1,1,1,1,1
"HB358",2018,3,0,0,2,1,1,1,1,1
"HB377",2018,3,0,0,2,1,1,1,1,1
"HB392",2018,3,0,0,5,0,0,0,0,0
"HB393",2018,3,0,0,5,0,0,0,0,0
"HB421",2018,3,0,0,5,0,0,0,0,0
"HB436",2018,3,0,0,5,0,0,0,0,0
"HB469",2018,3,0,0,7,0,0,0,0,0
"HB508",2018,3,0,0,3,1,1,1,1,1
"HB560",2018,3,0,0,5,0,0,0,0,0
"HB782",2018,3,0,0,5,0,0,0,0,0
"HB921",2018,3,0,0,8,0,0,0,0,0
"HB922",2018,3,0,0,8,1,1,1,1,1
"HB930",2018,3,0,0,5,0,0,0,0,0
"HB963",2018,3,0,0,5,0,0,0,0,0
"HB964",2018,3,0,0,5,0,0,0,0,0
"HB965",2018,3,0,0,5,0,0,0,0,0
"HB975",2018,3,0,0,5,0,0,0,0,0
"HB979",2018,3,0,0,9,0,0,0,0,0
"HB981",2018,3,0,0,7,0,0,0,0,0
"HB1018",2018,3,0,0,7,0,0,0,0,0
"HB1060",2018,3,0,0,5,0,0,0,0,0
"HB1141",2018,3,0,0,12,0,0,0,0,0
"HB1150",2018,3,0,0,2,0,0,0,0,0
"HB1155",2018,3,0,0,5,0,0,0,0,0
"HB1185",2018,3,0,0,2,0,0,0,0,0
"HB1186",2018,3,0,0,2,0,0,0,0,0
"HB1187",2018,3,0,0,12,0,0,0,0,0
"HB1188",2018,3,0,0,12,0,0,0,0,0
"HB1253",2018,3,0,0,5,0,0,0,0,0
"HB1273",2018,3,0,0,5,0,0,0,0,0
"HB1294",2018,3,0,0,12,0,0,0,0,0
"HB1344",2018,3,0,0,12,0,0,0,0,0
"HB1451",2018,3,0,0,5,1,1,1,1,1
"HB1490",2018,3,0,0,5,0,0,0,0,0
"HB1503",2018,3,0,0,5,0,0,0,0,0
"HB1528",2018,3,0,0,5,0,0,0,0,0
"HB1573",2018,3,0,0,5,0,0,0,0,0
"HB1590",2018,3,0,0,5,0,0,0,0,0
"SJ4",2018,3,0,0,23,0,0,0,0,0
"SB9",2018,3,0,0,17,0,0,0,0,0
"SB82",2018,3,0,0,17,0,0,0,0,0
"SB83",2018,3,0,0,17,0,0,0,0,0
"SB139",2018,3,0,0,19,0,0,0,0,0
"SB191",2018,3,0,0,17,1,1,0,0,0
"SB193",2018,3,0,0,21,0,0,0,0,0
"SB265",2018,3,0,0,20,1,1,1,1,1
"SB278",2018,3,0,0,16,1,1,1,1,1
"SB311",2018,3,0,0,17,0,0,0,0,0
"SB313",2018,3,0,0,17,0,0,0,0,0
"SB324",2018,3,0,0,17,0,0,0,0,0
"SB429",2018,3,0,0,20,1,1,1,1,1
"SB587",2018,3,0,0,16,1,1,1,1,1
"SB646",2018,3,0,0,17,0,0,0,0,0
"SB696",2018,3,0,0,14,0,0,0,0,0
"SB697",2018,3,0,0,17,0,0,0,0,0
"SB698",2018,3,0,0,14,1,1,1,1,1
"SB699",2018,3,0,0,14,1,1,1,1,1
"SB708",2018,3,0,0,14,0,0,0,0,0
"SB711",2018,3,0,0,17,0,0,0,0,0
"SB750",2018,3,0,0,21,1,1,1,1,1
"SB765",2018,3,0,0,14,0,0,0,0,0
"SB766",2018,3,0,0,14,0,0,0,0,0
"SB767",2018,3,0,0,14,0,0,0,0,0
"SB768",2018,3,0,0,17,0,0,0,0,0
"SB807",2018,3,0,0,17,1,1,1,1,1
"SB809",2018,3,0,0,16,1,1,1,1,1
"SB837",2018,3,0,0,17,0,0,0,0,0
"SB855",2018,3,0,0,17,0,0,0,0,0
"SB894",2018,3,0,0,19,1,1,1,0,0
"SB908",2018,3,0,0,17,1,1,1,1,1
"SB950",2018,3,0,0,14,1,1,1,1,1
"SB951",2018,3,0,0,14,0,0,0,0,0
"SB955",2018,3,0,0,17,0,0,0,0,0
"HJ111",2018,1,0,0,10,0,0,0,0,0
"HB23",2018,1,0,0,8,0,0,0,0,0
"HB665",2018,1,0,0,7,1,1,1,1,1
"HB668",2018,1,0,0,12,0,0,0,0,0
"HB904",2018,1,0,0,8,0,0,0,0,0
"HB1082",2018,1,0,0,2,0,0,0,0,0
"HB1213",2018,1,0,0,10,0,0,0,0,0
"HB1270",2018,1,0,0,5,1,1,1,1,0
"HB1493",2018,1,0,0,5,0,0,0,0,0
"SJ69",2018,1,0,0,22,0,0,0,0,0
"SB378",2018,1,0,0,19,1,1,1,1,1
"SB826",2018,1,0,0,22,0,0,0,0,0
"SB966",2018,1,0,0,17,1,1,1,1,1
"SB967",2018,1,0,0,17,0,0,0,0,0
"HB474",2018,2,0,0,5,0,0,0,0,0
"HB509",2018,2,0,0,3,1,1,1,1,1
"HB723",2018,2,0,0,2,0,0,0,0,0
"HB1374",2018,2,0,0,2,0,0,0,0,0
"HB1558",2018,2,0,0,5,1,1,1,1,0
"SB179",2018,2,0,0,21,1,1,1,1,1
"SB344",2018,2,0,0,14,1,1,1,1,1
"SB662",2018,2,0,0,17,0,0,0,0,0
"HJ597",2019,3,0,0,12,0,0,0,0,0
"HB1635",2019,3,0,0,12,1,0,0,0,0
"HB1662",2019,3,0,0,13,1,1,1,1,1
"HB1669",2019,3,0,0,7,0,0,0,0,0
"HB1715",2019,3,0,0,2,1,1,1,1,1
"HB1809",2019,3,0,0,5,0,0,0,0,0
"HB1822",2019,3,0,0,2,1,1,1,1,1
"HB1869",2019,3,0,0,5,0,0,0,0,0
"HB1906",2019,3,0,0,2,0,0,0,0,0
"HB1908",2019,3,0,0,6,1,0,0,0,0
"HB1934",2019,3,0,0,8,1,1,1,1,1
"HB2062",2019,3,0,0,2,0,0,0,0,0
"HB2063",2019,3,0,0,2,0,0,0,0,0
"HB2064",2019,3,0,0,2,0,0,0,0,0
"HB2070",2019,3,0,0,7,0,0,0,0,0
"HB2095",2019,3,0,0,3,0,0,0,0,0
"HB2105",2019,3,0,0,2,0,0,0,0,0
"HB2117",2019,3,0,0,5,0,0,0,0,0
"HB2146",2019,3,0,0,3,0,0,0,0,0
"HB2165",2019,3,0,0,7,0,0,0,0,0
"HB2175",2019,3,0,0,8,0,0,0,0,0
"HB2243",2019,3,0,0,1,0,0,0,0,0
"HB2292",2019,3,0,0,5,1,1,1,1,1
"HB2293",2019,3,0,0,5,1,1,1,1,1
"HB2294",2019,3,0,0,5,0,0,0,0,0
"HB2329",2019,3,0,0,5,0,0,0,0,0
"HB2330",2019,3,0,0,12,0,0,0,0,0
"HB2331",2019,3,0,0,12,0,0,0,0,0
"HB2332",2019,3,0,0,5,1,1,1,1,1
"HB2333",2019,3,0,0,3,0,0,0,0,0
"HB2358",2019,3,0,0,1,1,1,1,1,1
"HB2391",2019,3,0,0,2,0,0,0,0,0
"HB2395",2019,3,0,0,2,1,1,1,1,0
"HB2460",2019,3,0,0,7,0,0,0,0,0
"HB2495",2019,3,0,0,3,0,0,0,0,0
"HB2501",2019,3,0,0,5,0,0,0,0,0
"HB2503",2019,3,0,0,5,0,0,0,0,0
"HB2580",2019,3,0,0,2,0,0,0,0,0
"HB2621",2019,3,0,0,3,1,1,1,1,1
"HB2641",2019,3,0,0,5,0,0,0,0,0
"HB2680",2019,3,0,0,7,0,0,0,0,0
"HB2692",2019,3,0,0,5,0,0,0,0,0
"HB2696",2019,3,0,0,12,0,0,0,0,0
"HB2697",2019,3,0,0,5,0,0,0,0,0
"HB2735",2019,3,0,0,5,0,0,0,0,0
"HB2741",2019,3,0,0,5,1,1,1,1,1
"HB2762",2019,3,0,0,2,1,1,1,1,1
"HB2786",2019,3,0,0,2,1,1,1,1,1
"HB2789",2019,3,0,0,5,1,1,1,1,1
"SB1070",2019,3,0,0,19,0,0,0,0,0
"SB1091",2019,3,0,0,19,1,1,1,1,1
"SB1328",2019,3,0,0,14,1,1,0,0,0
"SB1355",2019,3,0,0,14,1,1,1,1,1
"SB1398",2019,3,0,0,21,0,0,0,0,0
"SB1400",2019,3,0,0,21,1,1,1,1,1
"SB1403",2019,3,0,0,16,1,1,1,1,0
"SB1414",2019,3,0,0,14,1,1,1,1,1
"SB1456",2019,3,0,0,17,0,0,0,0,0
"SB1460",2019,3,0,0,17,0,0,0,0,0
"SB1483",2019,3,0,0,17,0,0,0,0,0
"SB1534",2019,3,0,0,14,0,0,0,0,0
"SB1559",2019,3,0,0,21,1,1,1,1,1
"SB1573",2019,3,0,0,14,0,0,0,0,0
"SB1583",2019,3,0,0,17,0,0,0,0,0
"SB1584",2019,3,0,0,17,0,0,0,0,0
"SB1629",2019,3,0,0,18,1,1,0,0,0
"SB1666",2019,3,0,0,14,0,0,0,0,0
"SB1714",2019,3,0,0,17,0,0,0,0,0
"HJ620",2019,1,0,0,12,0,0,0,0,0
"HB1840",2019,1,0,0,5,1,1,1,1,1
"HB2103",2019,1,0,0,2,0,0,0,0,0
"HB2154",2019,1,0,0,2,0,0,0,0,0
"HB2240",2019,1,0,0,5,0,0,0,0,0
"HB2269",2019,1,0,0,2,1,1,1,1,0
"HB2506",2019,1,0,0,2,0,0,0,0,0
"HB2611",2019,1,0,0,2,1,1,1,1,0
"HB2738",2019,1,0,0,5,1,1,1,1,1
"SB1695",2019,1,0,0,17,1,1,1,1,1
"HJ656",2019,2,0,0,12,0,0,0,0,0
"HB1686",2019,2,0,0,5,0,0,0,0,0
"HB1718",2019,2,0,0,5,1,1,0,0,0
"HB1902",2019,2,0,0,1,0,0,0,0,0
"HB2361",2019,2,0,0,2,1,1,0,0,0
"HB2477",2019,2,0,0,5,1,1,1,1,1
"HB2500",2019,2,0,0,5,0,0,0,0,0
"HB2547",2019,2,0,0,5,1,1,1,1,1
"HB2792",2019,2,0,0,5,1,1,1,1,1
"SB1180",2019,2,0,0,20,1,1,1,1,1
"SB1271",2019,2,0,0,14,1,1,1,1,1
"SB1648",2019,2,0,0,17,0,0,0,0,0
"SB1769",2019,2,0,0,17,1,1,1,1,1
"SB1779",2019,2,0,0,17,1,1,1,1,1
"HJ61",2020,3,1,1,12,0,0,0,0,0
"HJ131 ",2020,3,1,1,12,0,0,0,0,0
"HJ136 ",2020,3,1,1,12,1,1,0,0,0
"HB75",2020,3,1,1,6,1,1,1,1,0
"HB77",2020,3,1,1,5,0,0,0,0,0
"HB167",2020,3,1,1,5,1,1,1,1,1
"HB414",2020,3,1,1,2,1,1,1,1,1
"HB443",2020,3,1,1,2,1,1,1,1,1
"HB511",2020,3,1,1,13,1,1,1,1,1
"HB525",2020,3,1,1,2,0,0,0,0,0
"HB528",2020,3,1,1,5,1,1,1,1,1
"HB572",2020,3,1,1,2,1,1,1,1,1
"HB577",2020,3,1,1,2,0,0,0,0,0
"HB633",2020,3,1,1,7,0,0,0,0,0
"HB643",2020,3,1,1,2,1,1,0,0,0
"HB644 ",2020,3,1,1,2,1,1,0,0,0
"HB646 ",2020,3,1,1,2,1,1,1,1,1
"HB654",2020,3,1,1,3,1,1,1,1,1
"HB656",2020,3,1,1,2,1,1,1,1,1
"HB672 ",2020,3,1,1,3,1,1,0,0,0
"HB704",2020,3,1,1,2,1,1,1,1,1
"HB706",2020,3,1,1,2,1,1,1,1,1
"HB714",2020,3,1,1,2,1,1,1,1,1
"HB717",2020,3,1,1,13,1,1,1,1,1
"HB751",2020,3,1,1,2,0,0,0,0,0
"HB754",2020,3,1,1,2,0,0,0,0,0
"HB794",2020,3,1,1,2,0,0,0,0,0
"HB805",2020,3,1,1,5,0,0,0,0,0
"HB858 ",2020,3,1,1,8,0,0,0,0,0
"HB868 ",2020,3,1,1,5,1,1,1,1,1
"HB889",2020,3,1,1,5,1,1,1,1,1
"HB912 ",2020,3,1,1,2,0,0,0,0,0
"HB947",2020,3,1,1,7,0,0,0,0,0
"HB959",2020,3,1,1,4,0,0,0,0,0
"HB981",2020,3,1,1,2,1,1,1,1,1
"HB1042",2020,3,1,1,8,1,1,1,1,1
"HB1067",2020,3,1,1,5,0,0,0,0,0
"HB1132",2020,3,1,1,5,1,1,0,0,0
"HB1133 ",2020,3,1,1,5,1,1,1,1,1
"HB1140 ",2020,3,1,1,6,0,0,0,0,0
"HB1184 ",2020,3,1,1,2,1,1,1,1,1
"HB1295 ",2020,3,1,1,7,0,0,0,0,0
"HB1298  ",2020,3,1,1,2,0,0,0,0,0
"HB1327  ",2020,3,1,1,7,1,1,1,1,1
"HB1450  ",2020,3,1,1,2,1,1,1,1,0
"HB1451  ",2020,3,1,1,2,1,1,1,1,0
"HB1526 ",2020,3,1,1,5,1,1,1,1,1
"HB1641  ",2020,3,1,1,2,1,1,1,1,1
"HB1642 ",2020,3,1,1,2,1,1,1,1,1
"HB1647  ",2020,3,1,1,5,1,1,1,1,1
"HB1707 ",2020,3,1,1,2,1,1,1,1,1
"SJ32 ",2020,3,1,1,23,0,0,0,0,0
"SJ56 ",2020,3,1,1,23,0,0,0,0,0
"SB25  ",2020,3,1,1,22,0,0,0,0,0
"SB94  ",2020,3,1,1,17,1,1,1,1,1
"SB106",2020,3,1,1,14,1,1,1,1,1
"SB320  ",2020,3,1,1,14,1,1,1,1,1
"SB354  ",2020,3,1,1,17,0,0,0,0,0
"SB376 ",2020,3,1,1,17,0,0,0,0,0
"SB379 ",2020,3,1,1,17,0,0,0,0,0
"SB406  ",2020,3,1,1,20,1,1,1,1,1
"SB542  ",2020,3,1,1,17,1,1,1,1,1
"SB628 ",2020,3,1,1,20,1,1,1,1,1
"SB629  ",2020,3,1,1,17,1,1,1,1,1
"SB630  ",2020,3,1,1,20,1,1,1,1,1
"SB634",2020,3,1,1,17,1,1,0,0,0
"SB710 ",2020,3,1,1,17,1,1,1,1,1
"SB731  ",2020,3,1,1,17,1,1,1,1,1
"SB795 ",2020,3,1,1,14,1,1,1,1,1
"SB797  ",2020,3,1,1,20,0,0,0,0,0
"SB883",2020,3,1,1,20,1,1,1,1,1
"SB911 ",2020,3,1,1,24,1,1,0,0,0
"SB1061 ",2020,3,1,1,20,0,0,0,0,0
"HB166  ",2020,1,1,1,3,1,1,1,1,1
"HB205 ",2020,1,1,1,2,0,0,0,0,0
"HB461  ",2020,1,1,1,7,0,0,0,0,0
"HB705 ",2020,1,1,1,2,0,0,0,0,0
"HB1170  ",2020,1,1,1,2,0,0,0,0,0
"HB1171 ",2020,1,1,1,2,0,0,0,0,0
"HB1360  ",2020,1,1,1,2,0,0,0,0,0
"HB1628  ",2020,1,1,1,5,0,0,0,0,0
"HB1629 ",2020,1,1,1,5,0,0,0,0,0
"HB1636  ",2020,1,1,1,2,1,0,0,0,0
"SB769  ",2020,1,1,1,14,1,1,0,0,0
"SB992 ",2020,1,1,1,14,0,1,0,0,0
"HB1607  ",2020,2,1,1,5,0,0,0,0,0
"HB1664 ",2020,2,1,1,5,1,1,1,1,1
"SB817  ",2020,2,1,1,17,1,1,1,1,1
"SB828 ",2020,2,1,1,17,1,1,1,1,1
"SB860  ",2020,2,1,1,17,1,1,1,1,1
"SB998 ",2020,2,1,1,17,1,1,1,1,1
"HJ539 ",2021,3,1,1,10,0,0,0,0,0
"HJ546 ",2021,3,1,1,10,0,0,0,0,0
"HJ556 ",2021,3,1,1,10,0,0,0,0,0
"HJ557",2021,3,1,1,10,0,0,0,0,0
"HJ559",2021,3,1,1,12,0,0,0,0,0
"HJ564 ",2021,3,1,1,12,0,0,0,0,0
"HB1755 ",2021,3,1,1,5,0,0,0,0,0
"HB1756 ",2021,3,1,1,10,0,0,0,0,0
"HB1811",2021,3,1,1,8,1,1,1,1,1
"HB1819 ",2021,3,1,1,2,1,1,1,1,1
"HB1834",2021,3,1,1,5,1,1,1,1,1
"HB1835 ",2021,3,1,1,5,0,0,0,0,0
"HB1888 ",2021,3,1,1,10,1,1,1,1,1
"HB1890  ",2021,3,1,1,10,1,1,1,1,1
"HB1902",2021,3,1,1,2,1,1,1,1,1
"HB1914 ",2021,3,1,1,5,1,1,0,0,0
"HB1919 ",2021,3,1,1,3,1,1,1,1,1
"HB1925",2021,3,1,1,5,1,1,1,1,1
"HB1933 ",2021,3,1,1,10,0,0,0,0,0
"HB1934",2021,3,1,1,5,0,0,0,0,0
"HB1937 ",2021,3,1,1,5,0,0,0,0,0
"HB1952 ",2021,3,1,1,10,1,1,1,0,0
"HB1958",2021,3,1,1,2,1,1,1,1,1
"HB1965 ",2021,3,1,1,2,1,1,1,1,1
"HB1978 ",2021,3,1,1,1,1,1,0,0,0
"HB1979 ",2021,3,1,1,7,1,1,1,1,1
"HB1984",2021,3,1,1,5,1,1,0,0,0
"HB2001 ",2021,3,1,1,8,1,1,1,1,1
"HB2030 ",2021,3,1,1,2,1,1,1,1,1
"HB2034 ",2021,3,1,1,5,1,1,1,1,1
"HB2042 ",2021,3,1,1,3,1,1,1,1,1
"HB2048 ",2021,3,1,1,5,1,1,0,0,0
"HB2049",2021,3,1,1,5,1,1,0,0,0
"HB2054",2021,3,1,1,3,1,1,1,1,1
"HB2068 ",2021,3,1,1,2,1,1,1,1,1
"HB2074 ",2021,3,1,1,2,1,1,1,1,0
"HB2118 ",2021,3,1,1,7,1,1,1,1,1
"HB2125",2021,3,1,1,10,1,1,1,1,1
"HB2159",2021,3,1,1,2,1,1,1,1,1
"HB2160 ",2021,3,1,1,5,1,1,0,0,0
"HB2200 ",2021,3,1,1,5,1,1,0,0,0
"HB2208",2021,3,1,1,12,1,1,1,1,1
"HB2213 ",2021,3,1,1,12,1,1,1,1,1
"HB2227 ",2021,3,1,1,8,1,1,1,1,1
"HB2262",2021,3,1,1,13,1,1,1,1,1
"HB2282 ",2021,3,1,1,5,1,1,1,1,1
"HB2292 ",2021,3,1,1,5,0,0,0,0,0
"HB2330 ",2021,3,1,1,5,1,1,1,1,1
"SB1097",2021,3,1,1,22,1,1,1,1,1
"SB1101 ",2021,3,1,1,22,0,0,0,0,0
"SB1186 ",2021,3,1,1,14,0,0,0,0,0
"SB1200 ",2021,3,1,1,14,0,0,0,0,0
"SB1223 ",2021,3,1,1,17,1,1,1,1,1
"SB1224 ",2021,3,1,1,20,0,0,0,0,0
"SB1236 ",2021,3,1,1,22,0,0,0,0,0
"SB1246 ",2021,3,1,1,22,1,1,0,0,0
"SB1263 ",2021,3,1,1,24,1,0,0,0,0
"SB1265 ",2021,3,1,1,14,1,1,1,1,1
"SB1274 ",2021,3,1,1,14,1,1,1,1,1
"SB1282 ",2021,3,1,1,19,1,1,1,1,1
"SB1284 ",2021,3,1,1,17,1,1,1,1,1
"SB1309 ",2021,3,1,1,21,1,1,1,1,1
"SB1311 ",2021,3,1,1,14,1,1,1,1,1
"SB1318 ",2021,3,1,1,20,1,1,1,1,0
"SB1319 ",2021,3,1,1,14,1,1,1,1,1
"SB1374 ",2021,3,1,1,14,1,1,1,1,1
"SB1395 ",2021,3,1,1,22,1,1,1,1,1
"HB2173 ",2021,1,1,1,2,0,0,0,0,0
"HB2205 ",2021,1,1,1,10,0,0,0,0,0
"HB2265 ",2021,1,1,1,5,0,0,0,0,0
"HB2281 ",2021,1,1,1,5,0,0,0,0,0
"SB1164 ",2021,1,1,1,14,1,1,1,1,1
"SB1380 ",2021,1,1,1,17,1,1,1,1,0
"SB1463 ",2021,1,1,1,20,0,0,0,0,0
"SB1295 ",2021,2,1,1,17,1,1,1,1,1
"SB13",2022,3,0,1,14,1,1,1,1,1
"SB45",2022,3,0,1,22,0,0,0,0,0
"SB141",2022,3,0,1,14,1,1,1,1,1
"SB158",2022,3,0,1,19,1,1,1,1,1
"SB160",2022,3,0,1,17,0,0,0,0,0
"SB161",2022,3,0,1,18,1,1,1,1,1
"SB213",2022,3,0,1,19,0,0,0,0,0
"SB251",2022,3,0,1,21,1,1,0,0,0
"SB272",2022,3,0,1,14,1,1,0,0,0
"SB278",2022,3,0,1,24,1,1,1,1,0
"SB281",2022,3,0,1,24,1,1,1,1,1
"SB290",2022,3,0,1,20,1,1,0,0,0
"SB292",2022,3,0,1,14,1,1,1,1,1
"SB342",2022,3,0,1,24,1,1,1,1,1
"SB347",2022,3,0,1,17,1,1,1,1,0
"SB452",2022,3,0,1,21,0,0,0,0,0
"SB482",2022,3,0,1,14,1,1,0,0,0
"SB488",2022,3,0,1,19,1,1,0,0,0
"SB505",2022,3,0,1,15,1,1,1,1,1
"SB551",2022,3,0,1,14,1,1,1,1,1
"SB575",2022,3,0,1,20,1,1,1,1,1
"SB660",2022,3,0,1,17,1,1,1,1,1
"SB708",2022,3,0,1,24,1,1,0,0,0
"SB762",2022,3,0,1,17,0,0,0,0,0
"SJ1",2022,3,0,1,22,1,1,0,0,0
"SJ5",2022,3,0,1,22,1,1,0,0,0
"HB28",2022,3,0,1,2,1,1,1,1,1
"HB49",2022,3,0,1,2,1,1,1,1,1
"HB71",2022,3,0,1,10,0,0,0,0,0
"HB141",2022,3,0,1,2,1,1,1,1,1
"HB142",2022,3,0,1,13,1,1,1,1,1
"HB206",2022,2,0,1,2,1,1,1,1,1
"HB250",2022,3,0,1,12,0,0,0,0,0
"HB311",2022,3,0,1,2,0,0,0,0,0
"HB314",2022,3,0,1,2,1,1,1,1,1
"HB351",2022,3,0,1,2,0,0,0,0,0
"HB364",2022,3,0,1,3,0,0,0,0,0
"HB379",2022,3,0,1,5,0,0,0,0,0
"HB393",2022,3,0,1,2,0,0,0,0,0
"HB396",2022,3,0,1,5,1,1,1,1,1
"HB443",2022,3,0,1,5,1,1,1,1,1
"HB450",2022,3,0,1,13,1,1,1,1,1
"HB463",2022,3,0,1,2,1,1,1,1,1
"HB471",2022,3,0,1,8,0,0,0,0,0
"HB491",2022,3,0,1,2,0,0,0,0,0
"HB508",2022,3,0,1,2,0,0,0,0,0
"HB516",2022,3,0,1,2,1,1,1,1,1
"HB517",2022,3,0,1,11,1,1,1,1,1
"HB520",2022,3,0,1,3,0,0,0,0,0
"HB633",2022,3,0,1,13,0,0,0,0,0
"HB635",2022,3,0,1,3,0,0,0,0,0
"HB636",2022,3,0,1,6,0,0,0,0,0
"HB641",2022,3,0,1,13,1,1,1,1,1
"HB647",2022,3,0,1,2,0,0,0,0,0
"HB648",2022,3,0,1,3,1,1,1,1,1
"HB664",2022,3,0,1,5,0,0,0,0,0
"HB701",2022,3,0,1,8,0,0,0,0,0
"HB708",2022,3,0,1,1,0,0,0,0,0
"HB723",2022,3,0,1,5,0,0,0,0,0
"HB724",2022,3,0,1,5,0,0,0,0,0
"HB795",2022,3,0,1,10,0,0,0,0,0
"HB796",2022,3,0,1,10,0,0,0,0,0
"HB826",2022,3,0,1,2,0,0,0,0,0
"HB832",2022,3,0,1,5,0,0,0,0,0
"HB845",2022,3,0,1,2,0,0,0,0,0
"HB949",2022,3,0,1,2,0,0,0,0,0
"HB959",2022,3,0,1,2,0,0,0,0,0
"HB965",2022,3,0,1,7,0,0,0,0,0
"HB973",2022,3,0,1,10,0,0,0,0,0
"HB974",2022,3,0,1,10,0,0,0,0,0
"HB975",2022,3,0,1,13,0,0,0,0,0
"HB998",2022,3,0,1,3,0,0,0,0,0
"HB999",2022,3,0,1,8,0,0,0,0,0
"HB1011",2022,3,0,1,9,0,0,0,0,0
"HB1029",2022,3,0,1,2,0,0,0,0,0
"HB1054",2022,3,0,1,11,0,0,0,0,0
"HB1171",2022,3,0,1,5,0,0,0,0,0
"HB1200",2022,3,0,1,2,0,0,0,0,0
"HB1223",2022,3,0,1,2,1,1,1,1,1
"HB1225",2022,3,0,1,2,1,1,1,1,1
"HB1228",2022,3,0,1,2,0,0,0,0,0
"HB1276",2022,3,0,1,3,0,0,0,0,0
"HB1288",2022,3,0,1,5,0,0,0,0,0
"HB1355",2022,3,0,1,5,0,0,0,0,0
"HB1337",2022,3,0,1,3,0,0,0,0,0
"HJ33",2022,3,0,1,12,0,0,0,0,0
"HJ71",2022,3,0,1,12,0,0,0,0,0
"HJ76",2022,3,0,1,12,0,0,0,0,0
"SB81",2022,1,0,1,14,0,0,0,0,0
"SB116",2022,1,0,1,24,0,0,0,0,0
"SB120",2022,1,0,1,17,1,1,1,1,1
"SB398",2022,1,0,1,14,0,0,0,0,0
"SB532",2022,1,0,1,14,0,0,0,0,0
"SB565",2022,1,0,1,14,1,1,1,1,1
"SB629",2022,1,0,1,14,1,1,1,1,1
"SB657",2022,1,0,1,14,1,1,1,1,1
"SB695",2022,1,0,1,14,0,0,0,0,0
"HB5",2022,1,0,1,2,0,0,0,0,0
"HB24",2022,1,0,1,10,0,0,0,0,0
"HB34",2022,1,0,1,10,1,1,0,0,0
"HB35",2022,1,0,1,10,0,0,0,0,0
"HB46 ",2022,1,0,1,10,1,1,0,0,0
"HB73",2022,1,0,1,5,1,1,0,0,0
"HB74",2022,1,0,1,5,1,1,0,0,0
"HB118",2022,1,0,1,5,1,1,0,0,0
"HB121",2022,1,0,1,10,0,0,0,0,0
"HB172",2022,1,0,1,5,0,0,0,0,0
"HB202",2022,1,0,1,2,0,0,0,0,0
"HB208",2022,1,0,1,8,0,0,0,0,0
"HB266",2022,1,0,1,5,1,1,1,1,1
"HB329",2022,1,0,1,8,0,0,0,0,0
"HB558",2022,1,0,1,5,1,1,1,1,1
"HB656",2022,1,0,1,7,0,0,0,0,0
"HB657",2022,1,0,1,5,1,1,1,1,1
"HB839",2022,1,0,1,5,0,0,0,0,0
"HB847",2022,1,0,1,8,1,1,0,0,0
"HB892",2022,1,0,1,5,1,1,0,0,0
"HB894",2022,1,0,1,5,1,1,1,1,1
"HB919",2022,1,0,1,9,1,1,1,1,1
"HB941",2022,1,0,1,10,0,0,0,0,0
"HB942",2022,1,0,1,10,0,0,0,0,0
"HB956",2022,1,0,1,10,0,0,0,0,0
"HB1090",2022,1,0,1,10,1,1,0,0,0
"HB1141",2022,1,0,1,10,0,0,0,0,0
"HB1204",2022,1,0,1,5,1,1,1,1,1
"HB1257",2022,1,0,1,5,1,1,1,0,0
"HB1261",2022,1,0,1,2,1,1,1,0,0
"HB1267",2022,1,0,1,2,1,1,0,0,0
"HB1301",2022,1,0,1,2,1,1,0,0,0
"HB1326",2022,1,0,1,5,1,1,1,1,1
"HJ3",2022,1,0,1,12,0,0,0,0,0
