"","nums15","nums16","nums17","nums18","nums19","nums20","nums21"
"1",934,544,1180,527,1305,412,903
"2",724,152,389,695,1661,236,166
"3",114,887,30,899,1450,599,430
"4",12,562,484,652,1605,534,442
"5",890,574,1317,365,1261,728,743
"6",619,779,1493,274,785,321,908
"7",955,476,530,853,504,273,70
"8",703,172,1878,329,631,164,192
"9",769,432,224,363,573,170,934
"10",72,898,1562,328,972,710,763
"11",119,481,1185,544,1299,945,614
"12",207,252,133,876,282,621,622
"13",523,104,1645,416,1929,896,325
"14",526,806,1693,600,493,56,495
"15",40,175,897,602,474,200,103
"16",772,170,1336,335,686,554,361
"17",78,446,1849,396,369,498,535
"18",456,662,230,235,840,848,332
"19",290,709,966,19,23,29,947
"20",35,315,598,662,1246,610,956
"21",513,897,319,385,639,387,146
"22",588,926,300,713,968,322,123
"23",222,991,328,78,451,605,188
"24",836,229,581,781,724,632,637
"25",924,349,552,307,1967,744,387
"26",289,702,1750,163,709,900,814
"27",575,187,433,299,1188,882,360
"28",146,468,904,141,1285,590,538
"29",122,444,711,49,607,718,164
"30",449,377,580,212,1879,588,101
"31",962,566,1149,170,921,176,342
"32",622,179,156,383,476,687,671
"33",748,242,1591,406,1537,78,752
"34",774,482,1639,789,1838,519,354
"35",152,467,281,348,575,724,403
"36",988,460,1092,189,775,786,580
"37",841,528,1369,214,92,500,373
"38",711,113,123,409,1222,213,854
"39",609,619,1619,482,1969,52,645
"40",927,347,264,330,1382,432,73
"41",990,414,626,361,977,300,191
"42",359,889,1093,533,1695,635,294
"43",701,869,181,965,1712,594,274
"44",21,610,636,642,634,138,683
"45",112,357,1207,433,1591,863,827
"46",448,577,1253,126,1440,70,754
"47",850,26,1722,567,774,623,994
"48",945,103,221,950,1509,43,970
"49",396,1000,1628,450,1628,461,710
"50",834,580,560,279,287,800,703
"51",948,318,320,885,177,380,79
"52",475,879,869,413,1062,856,674
"53",44,763,1251,880,1935,141,150
"54",817,679,431,970,1774,256,626
"55",802,21,345,999,652,365,400
"56",623,296,653,902,1429,834,335
"57",663,264,1994,334,1210,95,881
"58",913,61,1095,224,1230,336,600
"59",733,858,1868,446,1878,589,529
"60",432,3,99,376,1117,641,742
"61",250,2,82,321,1777,166,357
"62",418,900,228,288,1744,259,148
"63",223,268,1940,578,962,285,452
"64",595,370,1296,905,1521,537,456
"65",552,272,1158,339,1453,683,467
"66",868,378,1520,474,1921,729,67
"67",424,423,717,639,124,325,642
"68",273,877,195,610,457,619,785
"69",398,966,1776,147,588,826,974
"70",195,214,216,33,271,102,681
"71",760,845,339,63,432,921,121
"72",702,361,1018,370,1651,419,799
"73",618,584,1525,679,1873,664,511
"74",360,42,398,779,1032,50,369
"75",984,336,1737,16,1194,374,713
"76",272,452,1290,17,663,263,155
"77",120,867,843,308,727,648,504
"78",878,207,637,206,834,963,395
"79",787,828,929,1000,1328,440,927
"80",998,22,923,924,109,13,989
"81",610,325,491,183,358,197,126
"82",54,826,1802,682,79,630,463
"83",391,83,596,215,1910,324,722
"84",193,247,1524,225,633,403,585
"85",516,478,1532,722,1325,368,531
"86",673,518,1495,127,490,766,528
"87",821,100,1448,59,1256,23,482
"88",937,979,1289,584,551,580,869
"89",353,119,789,704,1622,756,639
"90",528,820,1630,171,872,722,362
"91",971,831,120,377,1595,42,510
"92",611,265,550,543,1962,1,758
"93",996,124,1709,841,232,431,300
"94",756,390,733,834,1228,214,790
"95",168,811,1193,136,767,31,550
"96",741,321,429,368,665,489,120
"97",910,385,273,372,717,572,27
"98",994,101,1661,614,21,16,812
"99",385,337,337,529,1522,454,781
"100",586,72,1038,770,1570,996,801
"101",215,746,1875,607,1086,311,998
"102",109,958,1478,249,409,26,661
"103",864,531,1771,201,702,90,883
"104",384,634,1968,816,456,865,601
"105",648,412,32,920,1319,284,95
"106",477,122,1808,693,1155,995,685
"107",853,25,1114,615,172,808,75
"108",462,643,298,776,1788,271,984
"109",689,946,1523,460,1079,812,235
"110",73,20,1622,87,1070,178,420
"111",993,851,448,125,1612,205,606
"112",263,675,370,219,748,344,302
"113",59,120,1015,961,1735,560,432
"114",34,902,1499,35,825,532,775
"115",294,816,138,188,1893,436,285
"116",3,754,533,644,150,782,385
"117",833,944,763,114,1067,948,659
"118",497,726,1577,325,313,209,877
"119",158,422,1209,836,628,94,625
"120",412,288,1665,191,1004,989,891
"121",159,479,119,203,522,615,926
"122",965,916,960,515,1407,809,115
"123",459,154,871,353,1630,316,882
"124",277,117,61,675,24,950,329
"125",240,215,1934,154,531,40,650
"126",544,228,129,715,1912,283,632
"127",150,409,640,439,317,861,321
"128",165,774,838,865,115,373,979
"129",57,807,474,530,1758,611,293
"130",886,809,1117,150,214,827,427
"131",848,266,295,974,1375,770,848
"132",354,57,1232,138,1621,333,197
"133",626,52,1307,778,83,8,187
"134",255,90,774,697,1730,639,884
"135",248,564,338,112,252,727,844
"136",382,653,1680,378,1410,189,570
"137",799,762,476,317,1796,416,669
"138",845,176,401,744,247,836,7
"139",714,157,1990,54,1590,423,320
"140",279,635,293,945,859,511,172
"141",997,701,1851,507,1846,46,569
"142",651,406,595,848,314,113,247
"143",579,803,528,190,786,183,139
"144",172,670,1999,373,1474,993,579
"145",186,92,813,597,903,600,889
"146",465,728,152,393,1568,48,20
"147",889,824,368,172,295,41,663
"148",671,58,823,473,1050,877,557
"149",794,201,1873,717,338,669,513
"150",515,457,1891,688,890,348,655
"151",65,184,817,534,1924,919,964
"152",285,737,312,327,1454,514,215
"153",880,382,1530,844,779,947,925
"154",882,540,397,454,1132,951,109
"155",919,389,1979,574,205,994,874
"156",630,400,1306,438,1720,549,371
"157",660,884,1563,793,1917,115,13
"158",323,721,1424,611,184,239,952
"159",658,292,564,518,14,779,890
"160",842,32,1391,457,589,337,85
"161",243,244,993,407,852,743,856
"162",19,905,303,417,701,884,551
"163",632,319,1348,349,983,10,446
"164",808,150,333,61,1833,230,653
"165",751,251,1652,598,1660,695,165
"166",773,496,1848,925,1745,504,624
"167",594,553,172,895,725,74,458
"168",105,328,1576,359,1501,187,651
"169",495,297,1171,561,111,508,501
"170",752,17,1395,621,1283,47,214
"171",565,85,1078,264,914,409,670
"172",311,216,60,506,181,748,392
"173",364,559,1409,40,1098,906,178
"174",343,155,1509,405,1318,151,583
"175",679,866,521,896,1240,844,769
"176",5,645,895,357,403,45,344
"177",520,656,684,204,1078,855,992
"178",871,747,713,862,1731,341,565
"179",904,38,731,850,1412,700,213
"180",894,499,834,737,1289,125,43
"181",692,62,1689,108,56,297,438
"182",453,957,900,550,670,165,125
"183",685,36,1895,624,465,760,77
"184",956,823,493,322,351,571,374
"185",902,795,1910,162,750,3,69
"186",688,825,1543,346,1159,442,48
"187",729,941,457,552,1971,898,428
"188",504,671,1362,160,1007,310,203
"189",43,167,622,891,221,449,696
"190",780,431,1697,29,757,541,797
"191",788,813,254,983,907,334,227
"192",768,642,104,157,1526,88,211
"193",583,327,1235,137,1769,347,185
"194",171,259,936,196,1156,840,988
"195",912,750,703,631,771,658,275
"196",310,841,1303,814,20,548,930
"197",39,239,1602,485,685,275,907
"198",123,371,95,757,989,58,782
"199",778,638,829,343,1448,940,969
"200",914,576,1221,120,337,538,470
"201",812,413,603,461,1311,755,108
"202",697,714,1459,923,1919,472,278
"203",30,469,841,498,273,533,787
"204",107,373,707,727,1258,739,605
"205",102,605,1595,696,1862,108,808
"206",786,234,378,514,1013,937,154
"207",397,209,1032,23,547,379,295
"208",527,548,1304,309,1306,747,509
"209",292,289,638,989,795,470,582
"210",320,787,1545,517,1655,417,965
"211",163,148,1363,609,704,828,167
"212",783,625,1952,766,931,716,805
"213",316,705,33,18,148,159,678
"214",2,326,963,817,1061,513,549
"215",492,868,1189,246,581,179,41
"216",538,865,321,806,1206,242,339
"217",672,410,780,838,1955,475,435
"218",76,776,488,351,1896,771,49
"219",190,731,538,613,1785,660,198
"220",48,885,1938,714,1629,315,229
"221",235,530,313,91,1075,536,179
"222",859,78,1762,315,208,811,633
"223",498,871,858,403,1317,787,762
"224",789,346,1656,605,646,637,84
"225",887,50,1888,777,292,359,680
"226",917,802,497,165,303,428,561
"227",92,504,602,476,1124,313,280
"228",442,429,441,208,1138,652,664
"229",89,818,363,39,1989,140,184
"230",457,785,412,655,210,445,929
"231",118,18,314,243,637,838,960
"232",155,835,357,386,1914,525,233
"233",130,550,324,447,1085,155,906
"234",858,427,1477,431,1377,746,151
"235",414,411,1120,845,1425,905,833
"236",605,968,723,493,1137,93,846
"237",153,53,440,283,1586,473,704
"238",508,955,1460,847,1882,835,892
"239",329,892,616,173,666,960,57
"240",154,893,1115,586,196,196,536
"241",156,903,226,897,582,395,408
"242",991,47,4,525,142,723,712
"243",28,872,887,756,624,563,861
"244",873,967,1719,571,902,765,336
"245",16,988,1245,424,706,627,240
"246",695,316,1166,458,1127,553,492
"247",88,142,111,842,906,258,28
"248",840,808,893,791,1330,438,50
"249",969,760,1962,144,288,148,327
"250",175,883,1368,262,822,391,543
"251",643,658,1263,192,7,986,918
"252",763,196,465,210,908,398,491
"253",517,766,1764,646,986,364,541
"254",944,631,1102,477,1044,25,871
"255",602,490,1588,281,1938,805,527
"256",875,857,1850,854,179,990,732
"257",387,495,529,542,1043,965,835
"258",972,486,1257,589,370,320,602
"259",930,350,7,13,470,667,448
"260",979,810,1710,275,569,99,635
"261",860,613,1443,943,1287,539,182
"262",897,436,1649,564,777,731,924
"263",555,253,1658,267,126,885,411
"264",815,348,1164,193,692,663,60
"265",550,593,1679,628,11,455,521
"266",6,147,417,591,967,453,880
"267",378,640,269,716,1277,308,454
"268",358,168,1386,80,1607,91,815
"269",785,473,1480,366,325,295,798
"270",705,230,654,69,1446,959,144
"271",567,602,164,594,441,469,987
"272",259,842,1042,881,978,764,739
"273",441,516,1951,706,34,685,158
"274",101,450,941,371,1721,888,61
"275",55,821,406,68,353,474,44
"276",642,767,1640,79,66,595,388
"277",639,676,577,469,813,608,407
"278",561,489,738,209,657,910,667
"279",61,74,517,109,264,612,254
"280",306,392,436,345,861,73,951
"281",624,134,1231,808,1670,240,380
"282",18,199,1278,130,121,891,317
"283",888,430,1959,134,553,577,98
"284",899,480,495,851,669,250,962
"285",25,195,982,972,1383,624,609
"286",357,226,1567,969,1928,298,793
"287",995,523,1428,958,395,162,578
"288",136,668,463,176,1167,173,1000
"289",330,870,227,749,1462,262,755
"290",700,972,1742,940,378,307,608
"291",818,860,767,468,1857,510,276
"292",148,859,37,691,1584,282,209
"293",759,211,775,478,415,566,177
"294",399,512,1283,622,1498,696,472
"295",345,882,1315,918,421,674,269
"296",569,156,998,645,988,4,34
"297",226,614,1775,295,1542,616,917
"298",905,173,902,312,1093,721,599
"299",275,936,1928,911,1508,330,615
"300",507,67,1855,690,1422,953,279
"301",121,961,724,857,1823,992,8
"302",368,792,772,135,1073,332,806
"303",484,396,971,440,176,121,421
"304",14,639,2000,759,1918,425,245
"305",982,290,1623,487,277,672,306
"306",83,798,1228,929,546,832,142
"307",488,28,198,367,1369,790,708
"308",974,769,1713,760,1081,38,829
"309",549,420,383,874,1447,27,453
"310",805,578,1199,158,1654,969,54
"311",388,16,957,27,64,523,346
"312",9,503,255,510,246,224,996
"313",762,547,1711,268,502,386,92
"314",716,604,799,576,1555,203,737
"315",792,137,1006,408,1960,129,718
"316",730,615,1183,651,1036,135,439
"317",234,986,1517,449,1843,659,375
"318",429,435,1138,952,1439,198,720
"319",781,755,477,828,1444,53,954
"320",829,727,1682,389,828,249,175
"321",217,12,1823,708,170,301,350
"322",236,843,535,494,114,12,378
"323",270,796,1084,700,1286,235,307
"324",17,706,1118,213,1380,352,384
"325",307,109,1154,829,1168,818,133
"326",113,975,1646,96,1952,874,129
"327",699,335,1515,355,1894,443,199
"328",865,255,1974,593,1458,241,897
"329",322,372,988,483,1466,935,282
"330",179,204,117,616,802,30,396
"331",506,590,1173,718,194,384,909
"332",127,483,1165,538,1694,414,76
"333",634,579,1377,153,789,772,649
"334",976,937,712,931,1784,958,672
"335",52,832,1343,797,1746,107,242
"336",641,563,545,741,532,736,174
"337",295,84,1401,174,263,583,981
"338",929,649,1265,90,1866,186,365
"339",553,71,619,595,1527,814,750
"340",486,217,518,252,145,444,618
"341",694,257,137,495,778,732,564
"342",1000,788,1803,818,123,586,620
"343",953,854,492,747,597,803,523
"344",576,438,1932,914,1948,607,94
"345",494,115,1414,653,1831,954,562
"346",66,707,46,782,1247,860,319
"347",798,19,656,535,1639,130,555
"348",466,351,1277,24,1046,199,471
"349",736,303,213,935,1302,671,259
"350",654,33,1651,411,1040,962,942
"351",183,338,1087,765,604,852,756
"352",669,853,10,959,1997,279,316
"353",271,718,77,570,1491,867,17
"354",570,434,142,104,1472,866,959
"355",806,188,1861,294,951,704,647
"356",430,233,1669,21,1449,226,90
"357",221,848,1479,672,185,172,855
"358",863,418,1989,37,141,441,547
"359",349,697,1371,953,1614,870,630
"360",943,597,1350,887,1895,841,93
"361",793,783,1988,694,447,864,207
"362",503,387,1302,475,1897,163,568
"363",260,934,1406,800,1699,837,481
"364",749,484,1560,277,1688,261,573
"365",416,913,289,198,1059,973,461
"366",445,169,250,467,375,488,648
"367",439,285,934,656,1937,19,29
"368",540,698,219,505,1348,117,232
"369",770,69,584,882,199,730,406
"370",629,128,618,537,390,406,469
"371",262,600,47,304,400,821,736
"372",797,685,1785,824,416,399,519
"373",383,551,64,412,873,879,658
"374",940,222,214,936,512,955,995
"375",872,273,256,872,1771,77,792
"376",885,145,108,739,1083,762,226
"377",352,37,1548,358,678,276,697
"378",942,660,1749,332,871,631,81
"379",47,560,898,496,356,931,390
"380",590,263,1787,333,1778,204,689
"381",27,748,1215,831,1939,535,256
"382",846,545,920,612,1001,128,489
"383",807,221,266,83,475,698,515
"384",135,125,1079,996,1178,5,838
"385",992,153,911,632,790,957,340
"386",4,459,708,434,1341,991,212
"387",417,146,1094,36,1201,507,719
"388",79,534,976,837,1494,476,478
"389",53,283,168,223,845,349,932
"390",892,953,1806,636,178,383,119
"391",303,189,1991,939,58,357,904
"392",936,493,1347,414,200,922,200
"393",141,497,418,260,584,725,657
"394",784,952,1901,625,1600,456,333
"395",734,764,1542,60,1227,938,82
"396",548,267,278,107,879,37,223
"397",239,63,955,187,1603,437,345
"398",469,453,1437,617,49,429,640
"399",116,507,881,846,407,745,22
"400",661,784,1045,331,1152,804,955
"401",188,502,353,43,883,134,124
"402",450,938,1361,562,1125,556,205
"403",252,711,932,282,463,193,127
"404",74,402,1100,310,1649,628,137
"405",438,622,307,677,1794,713,156
"406",650,506,1598,319,278,62,262
"407",627,741,218,802,1953,67,116
"408",227,524,447,823,1291,961,170
"409",964,924,342,271,1016,897,595
"410",431,694,1793,954,448,761,118
"411",775,384,1439,566,1877,644,341
"412",63,651,1040,583,1416,796,138
"413",8,911,1853,25,1146,180,402
"414",42,646,6,258,916,773,63
"415",867,240,909,479,811,211,675
"416",777,13,610,565,1349,465,616
"417",169,93,1485,293,237,487,53
"418",474,383,456,326,1825,254,485
"419",375,231,100,545,340,964,464
"420",918,466,864,48,360,798,928
"421",192,500,1244,501,766,775,619
"422",713,408,1070,300,479,339,351
"423",327,743,743,588,611,908,4
"424",742,771,92,866,526,201,834
"425",640,812,1890,392,837,516,299
"426",138,161,1975,303,596,51,587
"427",298,304,953,964,1763,174,475
"428",717,219,330,428,732,899,436
"429",181,713,547,804,860,845,415
"430",369,525,145,290,850,558,953
"431",178,212,1170,182,480,323,845
"432",351,441,722,541,76,592,744
"433",926,132,475,833,253,83,89
"434",170,650,669,241,661,604,765
"435",743,300,1674,650,1431,565,764
"436",809,166,1358,113,1427,974,786
"437",746,178,1728,532,1511,758,734
"438",511,962,908,1,1821,291,356
"439",961,555,1072,984,1650,681,522
"440",37,213,1035,709,1443,971,503
"441",434,533,242,261,1160,568,494
"442",403,753,178,131,1657,119,12
"443",903,677,980,599,791,288,449
"444",400,761,102,666,1433,678,591
"445",144,421,1841,660,1027,692,364
"446",693,447,1618,500,1751,789,668
"447",342,538,306,504,81,582,825
"448",437,220,1280,637,198,966,627
"449",36,379,892,687,426,255,771
"450",333,616,1226,674,715,61,604
"451",662,931,575,354,782,815,853
"452",737,980,1464,218,391,202,72
"453",371,367,86,647,1460,752,761
"454",376,874,1675,285,226,346,749
"455",60,632,994,859,1200,645,379
"456",328,840,1721,88,1084,251,10
"457",164,235,1334,982,42,127,305
"458",684,969,659,753,1464,668,707
"459",896,344,1967,745,1755,527,532
"460",251,97,628,177,1260,584,479
"461",999,725,1258,205,612,893,323
"462",655,356,1881,340,895,68,878
"463",64,454,1066,661,1726,144,498
"464",218,80,1936,455,1869,559,893
"465",111,112,362,320,863,932,638
"466",758,364,468,879,1931,328,173
"467",819,405,648,740,1177,515,873
"468",946,844,859,618,676,925,837
"469",981,971,1511,966,1809,269,476
"470",336,910,978,427,516,422,51
"471",97,641,369,705,1844,191,850
"472",340,517,710,118,68,998,451
"473",533,669,942,8,1685,371,202
"474",593,756,1681,942,688,550,258
"475",960,451,1091,813,1945,154,715
"476",597,415,1845,66,437,717,913
"477",423,791,833,962,1049,326,1
"478",753,386,1770,539,1585,64,117
"479",558,732,1071,490,113,447,776
"480",861,138,745,608,1598,849,682
"481",980,950,158,72,320,143,251
"482",452,815,1465,156,1042,477,270
"483",849,570,537,323,954,522,526
"484",636,162,445,265,406,104,751
"485",244,43,455,185,1930,926,134
"486",810,956,1636,868,1676,296,272
"487",603,485,498,2,1956,7,694
"488",124,757,679,758,1718,195,465
"489",767,587,201,526,379,562,152
"490",580,583,1402,111,680,114,514
"491",162,581,1143,430,1263,689,315
"492",857,567,1059,934,1308,780,149
"493",93,40,1531,888,1978,158,796
"494",205,99,122,263,1860,665,851
"495",20,963,811,14,1170,411,107
"496",686,954,1937,767,892,684,949
"497",176,543,1080,168,84,734,423
"498",740,666,272,832,1538,546,816
"499",499,73,311,738,1255,651,679
"500",191,419,206,313,1623,649,700
"501",194,923,1565,726,689,192,533
"502",392,822,1624,34,950,303,230
"503",62,891,1299,5,1249,35,241
"504",200,689,1604,908,1026,33,11
"505",332,888,918,470,1233,491,818
"506",666,907,1955,569,793,353,88
"507",96,106,343,20,942,123,106
"508",633,977,1254,259,1518,85,646
"509",230,55,556,452,699,434,87
"510",225,948,1703,790,349,702,524
"511",551,449,1732,783,1903,274,730
"512",70,256,1537,626,801,418,788
"513",283,159,1691,337,1074,581,559
"514",377,341,233,723,238,76,766
"515",267,606,996,169,949,817,267
"516",257,458,1394,30,336,801,911
"517",854,699,744,667,591,975,78
"518",472,539,788,226,644,858,520
"519",881,343,106,245,1142,850,563
"520",256,59,1155,703,869,457,721
"521",985,129,1992,401,1610,299,725
"522",249,633,921,284,1576,393,905
"523",954,277,1103,582,517,622,731
"524",288,609,1133,967,561,369,803
"525",562,245,70,623,1225,237,939
"526",635,983,1037,864,73,356,945
"527",258,873,874,981,623,650,38
"528",500,301,1880,930,422,638,113
"529",280,375,1313,750,1773,80,15
"530",615,258,1129,253,1617,781,896
"531",568,695,301,699,85,44,257
"532",261,846,1600,870,1301,785,802
"533",33,708,1863,254,980,24,888
"534",348,511,1392,22,1172,569,741
"535",471,691,1909,117,1485,132,724
"536",402,595,1389,769,1418,397,112
"537",276,224,849,379,119,793,823
"538",187,394,800,676,467,614,445
"539",608,368,1659,536,708,327,313
"540",395,186,590,592,1185,871,47
"541",98,661,131,573,1107,889,886
"542",536,657,479,681,1220,890,55
"543",293,663,1073,819,1705,640,246
"544",496,557,569,987,1217,972,312
"545",232,786,826,121,1010,757,161
"546",362,358,1,202,347,707,59
"547",46,925,1638,499,600,970,204
"548",408,197,1014,725,554,929,770
"549",838,790,1824,221,50,145,273
"550",305,102,1297,11,1564,819,440
"551",254,800,1584,540,1095,478,237
"552",427,440,582,92,436,530,180
"553",870,989,1216,101,743,244,826
"554",825,56,1735,273,1292,84,740
"555",572,472,372,344,217,778,613
"556",827,696,1286,423,1133,880,665
"557",296,77,1906,768,233,876,705
"558",253,278,1963,731,125,547,922
"559",601,96,512,978,1218,150,858
"560",573,515,1169,55,849,96,612
"561",560,546,1544,786,1102,597,33
"562",347,914,1898,481,279,512,291
"563",409,491,667,124,127,883,401
"564",245,594,1259,991,886,606,398
"565",231,930,1113,521,1390,314,656
"566",476,730,650,102,110,345,16
"567",363,990,1585,916,202,677,422
"568",986,655,588,89,1648,181,539
"569",182,855,373,910,1547,726,586
"570",514,498,222,596,1891,679,19
"571",326,592,837,81,1540,851,260
"572",91,777,964,472,1181,72,946
"573",720,294,238,830,1257,21,876
"574",790,141,1060,139,160,830,868
"575",125,5,855,572,98,918,560
"576",419,105,134,890,1114,118,397
"577",177,393,109,710,1627,857,607
"578",683,250,1930,119,537,222,809
"579",877,744,611,986,147,703,261
"580",426,271,1076,665,389,753,31
"581",440,521,382,641,1221,754,252
"582",365,690,586,375,1238,435,807
"583",933,345,415,459,562,267,366
"584",393,407,352,415,503,829,114
"585",367,54,1782,420,164,791,24
"586",501,908,930,951,563,751,611
"587",210,804,1013,698,1343,868,264
"588",444,15,1233,640,1253,59,662
"589",973,180,527,559,1965,494,160
"590",649,985,304,266,449,997,404
"591",413,772,1748,604,281,221,328
"592",923,130,1016,912,412,655,760
"593",893,738,302,993,812,854,253
"594",631,794,1874,992,1396,887,512
"595",856,951,532,803,280,220,999
"596",677,34,507,240,144,452,936
"597",51,35,208,228,705,131,610
"598",989,464,141,239,478,617,757
"599",308,793,979,42,1378,735,840
"600",26,839,1950,419,130,542,66
"601",958,717,192,77,361,152,933
"602",268,648,1647,394,335,598,673
"603",811,751,1438,975,19,109,727
"604",681,243,69,70,788,407,46
"605",670,687,956,99,1226,9,699
"606",184,298,719,926,1480,740,747
"607",502,107,693,296,1243,360,944
"608",464,582,504,257,1916,676,499
"609",167,912,1063,903,1790,305,597
"610",318,116,742,764,919,682,181
"611",106,710,1481,230,1666,741,634
"612",524,79,1833,199,224,904,717
"613",185,401,1086,179,515,2,545
"614",41,339,633,516,614,388,552
"615",302,424,801,463,154,396,409
"616",534,780,350,314,348,460,980
"617",589,330,1190,286,1573,376,901
"618",467,680,1777,222,566,694,68
"619",546,299,85,456,1972,75,759
"620",866,876,793,531,1296,446,23
"621",454,88,1741,95,143,503,975
"622",587,293,1249,873,564,944,915
"623",771,218,71,522,621,585,367
"624",665,895,1859,362,587,208,303
"625",325,223,1796,497,996,105,444
"626",612,964,675,825,543,792,466
"627",931,488,760,492,1141,161,417
"628",596,918,41,51,1381,688,136
"629",659,904,1009,955,286,822,677
"630",814,729,1655,4,285,843,822
"631",160,126,1308,216,1164,927,382
"632",447,915,1017,248,1502,112,898
"633",599,542,1503,587,1700,227,623
"634",728,537,458,52,122,459,997
"635",315,312,1204,894,605,968,473
"636",830,856,670,484,940,769,879
"637",816,768,1325,619,1280,774,186
"638",529,899,130,889,1618,206,483
"639",291,998,1328,743,1926,362,377
"640",532,799,1811,184,982,253,413
"641",879,462,651,523,1679,949,821
"642",463,620,609,553,1082,490,544
"643",309,89,1012,658,1126,662,218
"644",282,332,576,491,1404,338,584
"645",174,830,894,46,539,260,443
"646",977,165,907,50,488,715,381
"647",331,324,625,236,1588,370,147
"648",446,123,19,796,865,647,309
"649",584,287,1676,668,1792,733,857
"650",822,850,189,387,1123,11,488
"651",142,945,24,884,829,210,162
"652",220,672,1944,732,1944,831,596
"653",213,901,1972,664,1597,502,132
"654",379,573,1031,435,1578,81,636
"655",975,281,407,581,1672,914,702
"656",435,202,1949,941,1270,806,52
"657",543,667,1818,305,1512,468,706
"658",299,733,1839,787,884,526,37
"659",356,311,1586,384,772,794,652
"660",951,775,746,734,557,366,899
"661",224,210,1923,603,1974,916,196
"662",212,596,531,792,165,290,733
"663",228,549,1420,877,1363,354,419
"664",983,665,1830,231,1252,981,508
"665",203,572,17,316,1012,561,368
"666",582,781,945,161,1274,190,921
"667",698,426,571,922,1011,573,961
"668",80,886,663,110,434,928,931
"669",443,317,1927,822,925,618,824
"670",68,206,1195,364,1116,309,784
"671",373,208,1686,762,726,875,105
"672",15,970,981,443,559,223,780
"673",99,320,207,15,444,859,556
"674",835,262,1027,342,41,915,588
"675",571,715,1800,227,1640,783,405
"676",547,935,1135,678,1028,983,301
"677",712,805,1418,421,1237,847,982
"678",645,274,1049,145,138,517,968
"679",766,121,1607,122,1941,714,330
"680",826,355,1188,116,734,302,216
"681",755,295,1704,900,1515,626,194
"682",468,654,248,255,577,17,593
"683",564,163,1922,937,159,869,224
"684",725,333,999,995,74,15,222
"685",405,976,1554,318,1761,146,243
"686",620,203,365,464,1104,749,839
"687",704,193,1475,10,1834,157,189
"688",556,45,525,347,800,924,940
"689",577,329,1123,103,1334,212,310
"690",607,352,1903,410,1262,156,18
"691",204,114,1889,630,38,982,36
"692",719,363,1162,404,1855,248,331
"693",727,720,355,520,961,767,477
"694",211,608,860,736,1849,215,887
"695",574,24,1597,577,1574,978,973
"696",510,712,1712,238,985,168,691
"697",82,64,16,12,1593,902,171
"698",949,965,1635,554,862,89,159
"699",180,131,632,128,1782,111,594
"700",94,541,379,649,107,463,505
"701",708,814,380,673,505,402,684
"702",581,475,1131,849,969,400,80
"703",370,928,1030,181,1520,228,263
"704",301,398,1856,129,153,426,941
"705",921,522,1489,724,364,591,967
"706",209,513,1783,546,1452,281,548
"707",813,569,1490,863,228,97,56
"708",1,194,1572,132,1434,742,370
"709",104,501,1740,707,46,233,304
"710",542,797,1140,878,477,602,286
"711",765,782,1252,728,751,653,143
"712",411,716,413,402,1496,467,687
"713",461,943,1206,812,486,555,859
"714",847,270,225,775,538,448,468
"715",95,4,1804,76,472,86,426
"716",791,510,1476,53,254,862,195
"717",489,659,814,250,1638,521,546
"718",404,192,1998,780,1345,272,97
"719",201,688,1745,795,15,575,128
"720",726,275,1829,237,140,529,399
"721",680,282,1753,6,1400,574,376
"722",667,416,191,801,1456,567,122
"723",776,232,1929,28,70,182,777
"724",832,133,620,292,994,350,852
"725",297,399,1912,555,1119,252,525
"726",557,342,1284,976,1616,142,281
"727",337,236,851,805,1569,506,383
"728",710,149,1982,186,1018,620,746
"729",535,949,608,957,798,977,355
"730",628,65,886,843,1266,686,804
"731",133,612,125,949,998,552,714
"732",906,601,1819,784,304,629,783
"733",13,686,605,105,1033,120,208
"734",67,603,204,748,868,306,983
"735",732,461,585,799,1313,433,902
"736",312,617,1794,585,1902,124,993
"737",491,76,1549,867,1047,401,353
"738",823,70,459,742,1922,439,104
"739",487,46,1019,729,1005,100,847
"740",317,509,332,946,96,245,831
"741",23,238,607,278,1021,480,828
"742",855,111,819,399,1851,329,976
"743",754,227,1008,701,193,788,753
"744",278,190,1916,164,460,49,459
"745",338,455,913,956,534,79,58
"746",265,586,1218,200,324,289,870
"747",782,773,1134,47,946,377,912
"748",31,987,1048,62,473,543,168
"749",614,880,239,197,552,216,629
"750",591,143,1564,840,896,57,534
"751",344,302,1766,883,1129,413,971
"752",678,558,1388,590,1786,385,462
"753",246,894,437,341,1147,268,660
"754",837,838,1471,7,1742,520,135
"755",346,817,1147,442,1970,967,193
"756",166,959,647,827,722,824,554
"757",935,982,539,657,796,505,506
"758",29,598,1097,217,1940,892,334
"759",451,276,1374,75,694,110,791
"760",869,362,969,390,382,175,938
"761",233,98,9,229,601,65,239
"762",269,862,1150,180,1231,593,709
"763",202,752,1558,298,997,636,810
"764",208,66,1354,194,1642,217,190
"765",490,565,1614,685,1767,545,412
"766",422,254,416,771,1850,247,507
"767",69,471,867,810,399,225,3
"768",941,683,1964,74,1148,873,460
"769",968,428,827,26,1208,243,688
"770",676,463,992,302,1722,495,91
"771",656,174,1106,875,1544,634,935
"772",110,365,959,772,1589,911,867
"773",147,322,310,635,404,987,773
"774",505,151,371,71,1131,1000,424
"775",415,456,351,489,1608,576,598
"776",229,494,49,311,1051,894,318
"777",731,629,752,242,53,69,768
"778",84,108,1387,143,719,424,872
"779",952,185,686,852,721,984,986
"780",374,759,523,93,61,601,416
"781",304,246,1761,58,1189,421,447
"782",421,684,568,606,1806,382,287
"783",653,735,1279,436,935,294,686
"784",7,599,1352,620,1039,768,206
"785",313,331,1707,568,112,705,553
"786",898,999,1396,893,190,603,248
"787",140,465,816,815,243,825,434
"788",198,745,766,558,536,642,617
"789",355,734,381,794,881,375,221
"790",281,939,1314,998,345,20,571
"791",687,183,970,232,876,719,349
"792",50,260,1301,820,1859,458,772
"793",108,896,1068,860,841,823,62
"794",541,829,794,721,838,167,937
"795",196,307,1108,921,831,497,326
"796",126,552,1653,990,540,675,767
"797",38,445,317,100,1490,853,425
"798",87,30,29,167,773,670,794
"799",578,127,1101,233,137,430,228
"800",512,249,1690,244,616,479,14
"801",157,909,1181,272,527,499,145
"802",545,94,1243,871,1424,557,372
"803",696,39,153,175,1724,335,910
"804",957,225,1050,634,1667,450,277
"805",11,637,197,397,242,103,728
"806",707,847,1041,269,1602,188,843
"807",428,241,1958,973,817,578,496
"808",139,778,391,858,558,976,654
"809",58,448,505,712,1619,139,502
"810",744,749,1825,575,1566,486,885
"811",458,437,487,773,492,544,644
"812",509,624,44,369,1503,484,567
"813",381,532,140,115,1100,842,153
"814",145,261,1044,680,428,410,738
"815",739,535,1637,528,629,813,991
"816",922,589,83,486,240,66,42
"817",646,443,1763,98,270,777,701
"818",86,31,377,746,29,776,789
"819",247,135,419,835,622,501,575
"820",324,144,1786,774,411,342,183
"821",339,81,951,234,1546,846,558
"822",706,306,1981,711,1738,797,576
"823",928,87,341,933,1876,839,631
"824",908,719,265,462,1014,462,530
"825",617,861,1239,855,236,930,433
"826",862,591,937,350,1673,654,748
"827",518,171,1007,426,1461,496,348
"828",284,922,439,57,1089,810,347
"829",131,353,1526,155,1549,177,219
"830",884,994,1632,280,1743,763,429
"831",839,881,1527,919,1698,737,363
"832",132,417,101,85,291,304,64
"833",824,673,514,41,175,229,693
"834",537,682,1978,811,1130,278,225
"835",738,984,1469,994,745,471,386
"836",216,722,1242,948,1232,340,865
"837",938,819,1197,763,343,136,581
"838",801,630,258,548,1420,701,244
"839",804,789,990,807,95,287,711
"840",334,286,1986,488,1101,936,540
"841",401,75,428,422,262,979,314
"842",638,118,557,382,1224,646,289
"843",644,588,249,67,608,917,920
"844",241,929,1176,980,1779,680,250
"845",522,433,11,465,1933,87,866
"846",803,279,297,324,1174,934,966
"847",81,834,1615,511,1541,257,83
"848",585,529,716,643,10,122,296
"849",721,91,852,287,598,331,163
"850",851,919,1633,256,1656,22,2
"851",652,514,573,166,1641,711,236
"852",920,237,237,938,1493,587,860
"853",493,852,176,306,1936,943,819
"854",967,359,784,752,877,699,692
"855",480,323,1813,788,992,709,577
"856",470,623,1338,901,132,802,292
"857",390,628,211,638,1173,493,894
"858",563,182,938,826,1680,185,950
"859",71,366,728,270,1455,54,343
"860",566,526,149,892,1854,872,735
"861",406,381,67,289,1087,126,914
"862",380,837,1876,388,452,693,566
"863",314,611,284,3,1789,540,641
"864",117,334,364,629,544,92,862
"865",925,492,655,301,525,913,290
"866",604,627,1857,524,1426,32,811
"867",420,758,444,380,97,133,271
"868",657,470,1214,730,1103,901,5
"869",341,191,1935,291,550,39,572
"870",389,68,870,444,1624,427,308
"871",149,693,1291,977,398,933,338
"872",90,863,165,563,1467,833,131
"873",335,7,1163,251,341,390,284
"874",831,940,1716,869,1150,82,490
"875",539,360,540,276,55,920,249
"876",900,1,1461,556,752,509,745
"877",45,723,1196,148,1451,999,176
"878",932,927,1051,913,431,63,480
"879",425,136,26,932,339,750,518
"880",103,992,478,391,1094,988,26
"881",750,477,5,560,1687,280,359
"882",674,380,323,886,302,60,972
"883",820,403,1893,659,1768,6,157
"884",530,644,1099,720,103,613,141
"885",970,160,593,751,1752,231,99
"886",947,556,1705,56,435,420,820
"887",521,652,1456,356,1158,286,352
"888",647,736,48,689,1385,518,100
"889",483,10,1642,395,1244,708,298
"890",987,110,671,94,615,807,418
"891",85,8,43,159,1675,903,574
"892",361,374,591,64,1875,367,140
"893",939,878,1580,178,756,946,102
"894",10,527,773,31,355,392,830
"895",722,974,245,988,524,246,516
"896",238,487,1980,856,1719,343,441
"897",828,284,646,985,1517,942,231
"898",161,369,1884,425,1031,171,900
"899",319,996,606,220,971,656,71
"900",115,51,366,207,1686,643,111
"901",100,920,1510,580,442,531,958
"902",844,9,1240,352,995,570,537
"903",386,391,1376,146,1984,415,875
"904",682,681,1663,432,298,720,266
"905",473,44,985,927,1197,625,288
"906",876,60,446,140,373,939,977
"907",779,742,1419,579,1198,909,39
"908",723,519,681,633,1824,941,457
"909",22,740,1446,686,1236,389,690
"910",274,836,1860,398,696,464,517
"911",883,607,127,9,134,28,268
"912",909,474,177,821,975,596,542
"913",173,139,1870,509,952,98,643
"914",478,932,736,38,1223,483,389
"915",531,205,1064,551,1635,564,841
"916",321,95,1960,508,1822,408,414
"917",75,561,1907,754,387,528,9
"918",436,664,1747,785,913,923,25
"919",901,305,1805,86,1008,759,948
"920",616,801,661,65,8,907,486
"921",129,875,749,663,693,609,985
"922",625,864,1337,133,707,466,169
"923",481,508,1152,73,1038,524,484
"924",407,739,287,97,780,820,716
"925",761,960,615,195,410,218,40
"926",266,425,759,502,741,878,842
"927",519,309,375,512,1374,633,978
"928",907,933,1145,735,1683,378,800
"929",32,575,1393,32,1191,292,729
"930",963,310,169,904,1750,116,74
"931",482,313,472,670,713,147,86
"932",664,314,1696,400,529,690,778
"933",735,86,453,338,192,14,589
"934",206,23,1801,441,405,691,723
"935",668,703,1921,928,1180,265,322
"936",874,248,828,968,413,394,35
"937",77,27,274,149,1830,980,6
"938",197,439,559,437,1659,784,923
"939",895,198,336,418,459,18,487
"940",747,978,1662,106,1947,219,621
"941",745,618,1767,547,733,886,393
"942",950,674,910,971,1241,799,779
"943",24,308,1449,909,310,169,726
"944",598,724,882,997,1435,551,963
"945",757,568,509,839,618,712,919
"946",485,765,641,960,520,101,391
"947",606,505,1920,471,1663,895,500
"948",189,993,1122,211,948,277,45
"949",128,973,526,898,1186,657,590
"950",460,280,1452,719,163,482,666
"951",366,48,553,513,1693,153,394
"952",675,397,755,123,1373,738,817
"953",410,291,1700,683,619,207,324
"954",978,849,1161,297,804,194,32
"955",143,140,1612,907,933,956,431
"956",554,906,36,702,297,673,849
"957",264,704,1913,247,2000,149,895
"958",214,917,649,669,1288,34,474
"959",691,200,796,445,963,661,832
"960",286,942,1408,979,915,952,676
"961",219,164,1397,627,842,481,410
"962",525,404,347,684,1365,317,813
"963",600,395,53,152,276,36,774
"964",966,621,919,480,443,881,990
"965",715,177,358,557,357,319,450
"966",433,947,905,861,1037,666,695
"967",300,29,107,336,846,985,234
"968",915,921,1400,761,909,106,628
"969",800,890,914,429,905,318,65
"970",592,354,482,82,1108,579,836
"971",613,995,1941,549,784,363,795
"972",199,158,1677,917,312,238,358
"973",455,6,751,648,787,71,603
"974",796,626,139,963,964,485,255
"975",137,376,777,671,1770,706,21
"976",151,41,1378,755,1764,361,130
"977",350,536,562,142,815,264,311
"978",852,388,1933,519,853,358,916
"979",621,585,443,374,1091,912,210
"980",891,981,1309,654,762,293,497
"981",479,340,1316,601,259,55,592
"982",690,636,714,915,1871,270,698
"983",795,49,1516,453,1297,697,283
"984",559,14,251,381,481,160,238
"985",916,520,1613,44,805,405,297
"986",49,442,1828,809,1187,137,863
"987",959,678,116,944,1553,451,220
"988",134,827,1025,798,197,232,217
"989",287,82,3,360,617,234,265
"990",394,269,1629,84,1271,312,864
"991",764,692,1513,947,453,372,110
"992",237,833,1809,906,328,816,943
"993",709,700,1105,692,1519,351,957
"994",372,11,534,448,642,404,30
"995",56,181,522,451,60,381,96
"996",242,997,1020,466,216,266,493
"997",843,770,1587,503,1436,355,337
"998",637,554,1238,151,1111,492,455
"999",911,571,1085,45,321,795,437
"1000",718,647,98,733,586,184,201
"1001",934,544,1498,527,283,412,903
"1002",724,152,1096,695,1035,236,166
"1003",114,887,1436,899,1732,599,430
"1004",12,562,414,652,1106,534,442
"1005",890,574,1692,365,1842,728,743
"1006",619,779,642,274,1993,321,908
"1007",955,476,931,853,158,273,70
"1008",703,172,394,329,1690,164,192
"1009",769,432,403,363,1482,170,934
"1010",72,898,1668,328,808,710,763
"1011",119,481,856,544,1839,945,614
"1012",207,252,850,876,380,621,622
"1013",523,104,1605,416,484,896,325
"1014",526,806,1569,600,1347,56,495
"1015",40,175,467,602,1020,200,103
"1016",772,170,808,335,521,554,361
"1017",78,446,1429,396,1314,498,535
"1018",456,662,832,235,613,848,332
"1019",290,709,1862,19,1856,29,947
"1020",35,315,175,662,35,610,956
"1021",513,897,205,385,396,387,146
"1022",588,926,729,713,1327,322,123
"1023",222,991,63,78,500,605,188
"1024",836,229,291,781,191,632,637
"1025",924,349,1130,307,518,744,387
"1026",289,702,1119,163,1739,900,814
"1027",575,187,732,299,1154,882,360
"1028",146,468,305,141,78,590,538
"1029",122,444,1431,49,366,718,164
"1030",449,377,128,212,735,588,101
"1031",962,566,1153,170,1002,176,342
"1032",622,179,1177,383,647,687,671
"1033",748,242,59,406,606,78,752
"1034",774,482,1062,789,1391,519,354
"1035",152,467,1939,348,1950,724,403
"1036",988,460,166,189,1121,786,580
"1037",841,528,93,214,1112,500,373
"1038",711,113,1089,409,662,213,854
"1039",609,619,1003,482,530,52,645
"1040",927,347,229,330,289,432,73
"1041",990,414,1298,361,1908,300,191
"1042",359,889,1757,533,1814,635,294
"1043",701,869,1311,965,904,594,274
"1044",21,610,1182,642,33,138,683
"1045",112,357,1341,433,930,863,827
"1046",448,577,1995,126,1045,70,754
"1047",850,26,87,567,749,623,994
"1048",945,103,84,950,1445,43,970
"1049",396,1000,599,450,131,461,710
"1050",834,580,1945,279,1992,800,703
"1051",948,318,1065,885,319,380,79
"1052",475,879,1570,413,1205,856,674
"1053",44,763,592,880,1336,141,150
"1054",817,679,1353,970,1140,256,626
"1055",802,21,1536,999,322,365,400
"1056",623,296,1671,902,1983,834,335
"1057",663,264,39,334,1606,95,881
"1058",913,61,1983,224,514,336,600
"1059",733,858,1000,446,1611,589,529
"1060",432,3,1557,376,1557,641,742
"1061",250,2,1551,321,260,166,357
"1062",418,900,809,288,627,259,148
"1063",223,268,1001,578,1143,285,452
"1064",595,370,715,905,513,537,456
"1065",552,272,1641,339,1207,683,467
"1066",868,378,1319,474,1149,729,67
"1067",424,423,1519,639,1413,325,642
"1068",273,877,1052,610,1594,619,785
"1069",398,966,890,147,392,826,974
"1070",195,214,79,33,1565,102,681
"1071",760,845,1455,63,1901,921,121
"1072",702,361,1905,370,1471,419,799
"1073",618,584,62,679,327,664,511
"1074",360,42,1321,779,1495,50,369
"1075",984,336,1896,16,1552,374,713
"1076",272,452,500,17,1723,263,155
"1077",120,867,1843,308,593,648,504
"1078",878,207,420,206,667,963,395
"1079",787,828,180,1000,1781,440,927
"1080",998,22,600,924,268,13,989
"1081",610,325,150,183,498,197,126
"1082",54,826,1971,682,932,630,463
"1083",391,83,673,215,1870,324,722
"1084",193,247,1684,225,116,403,585
"1085",516,478,296,722,1064,368,531
"1086",673,518,1497,127,1633,766,528
"1087",821,100,1657,59,386,23,482
"1088",937,979,405,584,1293,580,869
"1089",353,119,1054,704,1684,756,639
"1090",528,820,657,171,1468,722,362
"1091",971,831,771,377,86,42,510
"1092",611,265,1769,543,523,1,758
"1093",996,124,1594,841,1477,431,300
"1094",756,390,12,834,1678,214,790
"1095",168,811,1200,136,894,31,550
"1096",741,321,89,368,59,489,120
"1097",910,385,408,372,1841,572,27
"1098",994,101,1339,614,265,16,812
"1099",385,337,188,529,545,454,781
"1100",586,72,1146,770,365,996,801
"1101",215,746,400,607,1469,311,998
"1102",109,958,1581,249,1346,26,661
"1103",864,531,1534,201,1964,90,883
"1104",384,634,506,816,469,865,601
"1105",648,412,983,920,934,284,95
"1106",477,122,1287,693,207,995,685
"1107",853,25,387,615,239,808,75
"1108",462,643,612,776,1376,271,984
"1109",689,946,15,460,4,812,235
"1110",73,20,1780,87,1620,178,420
"1111",993,851,271,125,1805,205,606
"1112",263,675,113,219,640,344,302
"1113",59,120,660,961,583,560,432
"1114",34,902,331,35,832,532,775
"1115",294,816,1666,188,305,436,285
"1116",3,754,1877,644,203,782,385
"1117",833,944,1272,114,1473,948,659
"1118",497,726,68,325,206,209,877
"1119",158,422,835,836,12,94,625
"1120",412,288,1125,191,418,989,891
"1121",159,479,704,203,1702,615,926
"1122",965,916,741,515,1531,809,115
"1123",459,154,1965,353,220,316,882
"1124",277,117,962,675,261,950,329
"1125",240,215,668,154,13,40,650
"1126",544,228,384,715,1548,283,632
"1127",150,409,672,439,69,861,321
"1128",165,774,290,865,681,373,979
"1129",57,807,1571,530,1384,611,293
"1130",886,809,1175,150,1653,827,427
"1131",848,266,1601,974,776,770,848
"1132",354,57,1466,138,1393,333,197
"1133",626,52,1384,778,1737,8,187
"1134",255,90,899,697,1728,639,884
"1135",248,564,40,112,1900,727,844
"1136",382,653,1372,378,1430,189,570
"1137",799,762,151,317,105,416,669
"1138",845,176,880,744,960,836,7
"1139",714,157,1501,54,700,423,320
"1140",279,635,1179,945,944,511,172
"1141",997,701,634,507,1795,46,569
"1142",651,406,1346,848,487,113,247
"1143",579,803,975,190,891,183,139
"1144",172,670,241,373,803,993,579
"1145",186,92,1256,597,151,600,889
"1146",465,728,1756,393,579,48,20
"1147",889,824,1412,172,1797,41,663
"1148",671,58,666,473,1716,877,557
"1149",794,201,1821,717,182,669,513
"1150",515,457,903,688,602,348,655
"1151",65,184,974,534,867,919,964
"1152",285,737,1528,327,394,514,215
"1153",880,382,186,844,1105,947,925
"1154",882,540,1202,454,318,951,109
"1155",919,389,949,574,204,994,874
"1156",630,400,94,438,1560,549,371
"1157",660,884,1772,793,959,115,13
"1158",323,721,991,611,363,239,952
"1159",658,292,1758,518,1534,779,890
"1160",842,32,542,457,234,337,85
"1161",243,244,1654,407,671,743,856
"1162",19,905,322,417,792,884,551
"1163",632,319,1187,349,48,10,446
"1164",808,150,200,61,1747,230,653
"1165",751,251,1467,598,1088,695,165
"1166",773,496,361,925,420,504,624
"1167",594,553,432,895,1265,74,458
"1168",105,328,1784,359,1212,187,651
"1169",495,297,1778,561,1927,508,501
"1170",752,17,1518,621,1535,47,214
"1171",565,85,8,264,1886,409,670
"1172",311,216,1582,506,1708,748,392
"1173",364,559,1883,40,742,906,178
"1174",343,155,1774,405,918,151,583
"1175",679,866,1112,896,429,844,769
"1176",5,645,423,357,1316,45,344
"1177",520,656,282,204,1990,855,992
"1178",871,747,735,862,1828,341,565
"1179",904,38,22,850,542,700,213
"1180",894,499,1403,737,1234,125,43
"1181",692,62,1574,108,1300,297,438
"1182",453,957,14,550,256,165,125
"1183",685,36,173,624,761,760,77
"1184",956,823,624,322,1015,571,374
"1185",902,795,1484,162,695,3,69
"1186",688,825,1229,346,1671,442,48
"1187",729,941,199,552,1113,898,428
"1188",504,671,121,160,381,310,203
"1189",43,167,1792,891,941,449,696
"1190",780,431,253,29,67,541,797
"1191",788,813,1422,983,1320,334,227
"1192",768,642,1887,157,710,88,211
"1193",583,327,781,137,359,347,185
"1194",171,259,589,196,1802,840,988
"1195",912,750,1335,631,1339,658,275
"1196",310,841,965,814,294,548,930
"1197",39,239,551,485,807,275,907
"1198",123,371,805,757,1024,58,782
"1199",778,638,1715,343,491,940,969
"1200",914,576,31,120,1536,538,470
"1201",812,413,1342,461,1282,755,108
"1202",697,714,1090,923,266,472,278
"1203",30,469,1553,498,945,533,787
"1204",107,373,325,727,1596,739,605
"1205",102,605,1948,696,1979,108,808
"1206",786,234,1685,514,965,937,154
"1207",397,209,196,23,1352,379,295
"1208",527,548,1953,309,1195,747,509
"1209",292,289,1617,989,1692,470,582
"1210",320,787,1634,517,1163,417,965
"1211",163,148,961,609,1963,828,167
"1212",783,625,1174,766,1840,716,805
"1213",316,705,1004,18,574,159,678
"1214",2,326,950,817,1273,513,549
"1215",492,868,922,246,1470,179,41
"1216",538,865,821,806,659,242,339
"1217",672,410,702,838,1677,475,435
"1218",76,776,42,351,367,771,49
"1219",190,731,54,613,603,660,198
"1220",48,885,1915,714,1907,315,229
"1221",235,530,815,91,1808,536,179
"1222",859,78,1327,315,482,811,633
"1223",498,871,1559,403,519,787,762
"1224",789,346,1714,605,818,637,84
"1225",887,50,1702,777,1807,359,680
"1226",917,802,839,165,71,428,561
"1227",92,504,524,476,1652,313,280
"1228",442,429,831,208,1658,652,664
"1229",89,818,1815,39,1976,140,184
"1230",457,785,891,655,1109,445,929
"1231",118,18,1817,243,414,838,960
"1232",155,835,411,386,1674,525,233
"1233",130,550,1917,447,39,155,906
"1234",858,427,1046,431,1562,746,151
"1235",414,411,1840,845,754,905,833
"1236",605,968,1241,493,438,93,846
"1237",153,53,803,283,1804,473,704
"1238",508,955,1144,847,284,835,892
"1239",329,892,1504,173,1884,960,57
"1240",154,893,1814,586,251,196,536
"1241",156,903,1458,897,1762,395,408
"1242",991,47,1506,525,1284,723,712
"1243",28,872,1723,756,1386,563,861
"1244",873,967,1213,571,844,765,336
"1245",16,988,915,424,1563,627,240
"1246",695,316,202,458,599,553,492
"1247",88,142,754,842,760,258,28
"1248",840,808,430,791,1539,438,50
"1249",969,760,1539,144,1153,148,327
"1250",175,883,1323,262,307,391,543
"1251",643,658,889,192,893,986,918
"1252",763,196,170,210,1344,398,491
"1253",517,766,1502,646,956,364,541
"1254",944,631,115,477,819,25,871
"1255",602,490,872,281,1475,805,527
"1256",875,857,356,854,231,990,732
"1257",387,495,797,542,1885,965,835
"1258",972,486,601,589,924,320,602
"1259",930,350,1827,13,1791,667,448
"1260",979,810,1463,275,1179,99,635
"1261",860,613,726,943,186,539,182
"1262",897,436,1273,564,129,731,924
"1263",555,253,779,267,911,885,411
"1264",815,348,66,193,746,663,60
"1265",550,593,879,628,1034,455,521
"1266",6,147,1128,591,882,453,880
"1267",378,640,1993,716,653,308,454
"1268",358,168,1021,80,1837,91,815
"1269",785,473,1382,366,993,295,798
"1270",705,230,501,69,1881,959,144
"1271",567,602,1011,594,1975,469,987
"1272",259,842,1869,881,827,764,739
"1273",441,516,346,706,94,685,158
"1274",101,450,1282,371,1335,888,61
"1275",55,821,1831,68,1973,474,44
"1276",642,767,1441,79,227,595,388
"1277",639,676,861,469,1487,608,407
"1278",561,489,1788,209,823,910,667
"1279",61,74,1116,109,1615,612,254
"1280",306,392,765,345,1438,73,951
"1281",624,134,1264,808,673,240,380
"1282",18,199,917,130,174,891,317
"1283",888,430,682,134,1998,577,98
"1284",899,480,1698,851,1981,250,962
"1285",25,195,1300,972,26,624,609
"1286",357,226,1966,969,377,298,793
"1287",995,523,246,958,1389,162,578
"1288",136,668,645,176,548,173,1000
"1289",330,870,162,749,1682,262,755
"1290",700,972,461,940,499,307,608
"1291",818,860,90,468,987,510,276
"1292",148,859,986,691,1058,282,209
"1293",759,211,182,478,139,566,177
"1294",399,512,515,622,1332,696,472
"1295",345,882,997,918,464,674,269
"1296",569,156,1731,645,1229,4,34
"1297",226,614,1483,295,458,616,917
"1298",905,173,1260,312,810,721,599
"1299",275,936,1453,911,1057,330,615
"1300",507,67,847,690,1281,953,279
"1301",121,961,1026,857,1019,992,8
"1302",368,792,621,135,1835,332,806
"1303",484,396,1683,440,1353,121,421
"1304",14,639,709,759,1068,425,245
"1305",982,290,1104,487,656,672,306
"1306",83,798,863,929,806,832,142
"1307",488,28,1364,367,858,790,708
"1308",974,769,1798,760,836,38,829
"1309",549,420,1077,874,1867,27,453
"1310",805,578,299,158,1729,969,54
"1311",388,16,1425,27,926,523,346
"1312",9,503,1810,510,1757,224,996
"1313",762,547,1236,268,847,386,92
"1314",716,604,597,576,344,203,737
"1315",792,137,1593,408,316,129,718
"1316",730,615,554,651,936,135,439
"1317",234,986,450,449,88,659,375
"1318",429,435,1743,952,870,198,720
"1319",781,755,1555,828,494,53,954
"1320",829,727,1892,389,718,249,175
"1321",217,12,1754,708,1417,301,350
"1322",236,843,1281,494,1733,12,378
"1323",270,796,694,700,1958,235,307
"1324",17,706,1535,213,826,352,384
"1325",307,109,549,829,1268,818,133
"1326",113,975,335,96,1115,874,129
"1327",699,335,309,355,535,443,199
"1328",865,255,762,593,765,241,897
"1329",322,372,875,483,898,935,282
"1330",179,204,261,616,108,30,396
"1331",506,590,1717,718,1776,384,909
"1332",127,483,1872,538,1361,414,76
"1333",634,579,1047,153,445,772,649
"1334",976,937,906,931,1872,958,672
"1335",52,832,1491,797,1999,107,242
"1336",641,563,1521,741,77,736,174
"1337",295,84,1399,174,797,583,981
"1338",929,649,232,90,1819,186,365
"1339",553,71,578,595,1836,814,750
"1340",486,217,452,252,1966,444,618
"1341",694,257,280,495,495,732,564
"1342",1000,788,761,818,155,586,620
"1343",953,854,1755,747,1820,803,523
"1344",576,438,81,914,781,607,94
"1345",494,115,1426,653,301,954,562
"1346",66,707,1579,782,376,860,319
"1347",798,19,1069,535,1904,130,555
"1348",466,351,427,24,372,199,471
"1349",736,303,18,935,32,671,259
"1350",654,33,283,411,970,962,942
"1351",183,338,236,765,1760,852,756
"1352",669,853,1822,959,1478,279,316
"1353",271,718,354,570,1961,867,17
"1354",570,434,692,104,1055,866,959
"1355",806,188,510,294,1406,704,647
"1356",430,233,1866,21,323,226,90
"1357",221,848,1324,672,1399,172,855
"1358",863,418,845,37,1041,441,547
"1359",349,697,1098,953,1157,870,630
"1360",943,597,830,887,166,841,93
"1361",793,783,802,694,40,864,207
"1362",503,387,1734,475,658,163,568
"1363",260,934,268,800,632,837,481
"1364",749,484,23,277,747,261,573
"1365",416,913,223,198,1398,973,461
"1366",445,169,866,467,1793,488,648
"1367",439,285,516,656,468,19,29
"1368",540,698,791,505,1242,117,232
"1369",770,69,1205,882,1006,730,406
"1370",629,128,157,537,851,406,469
"1371",262,600,1487,304,737,821,736
"1372",797,685,1043,824,1022,399,519
"1373",383,551,1488,412,1326,879,658
"1374",940,222,676,936,1780,955,995
"1375",872,273,74,872,682,77,792
"1376",885,145,1470,739,1248,762,226
"1377",352,37,822,358,541,276,697
"1378",942,660,259,332,1915,631,81
"1379",47,560,349,496,1392,931,390
"1380",590,263,1985,333,1394,204,689
"1381",27,748,1261,831,1176,535,256
"1382",846,545,519,612,1801,128,489
"1383",807,221,1333,83,1437,698,515
"1384",135,125,810,996,758,5,838
"1385",992,153,1415,632,1959,957,340
"1386",4,459,174,434,440,991,212
"1387",417,146,1899,36,309,507,719
"1388",79,534,329,837,183,476,478
"1389",53,283,1320,223,362,349,932
"1390",892,953,1326,636,922,383,119
"1391",303,189,315,939,211,357,904
"1392",936,493,812,414,1749,922,200
"1393",141,497,1340,260,1359,725,657
"1394",784,952,1738,625,885,456,333
"1395",734,764,846,60,1099,938,82
"1396",548,267,374,107,1880,37,223
"1397",239,63,1926,187,703,437,345
"1398",469,453,758,617,643,429,640
"1399",116,507,1010,846,423,745,22
"1400",661,784,262,331,1397,804,955
"1401",188,502,1578,43,1775,134,124
"1402",450,938,1468,562,201,556,205
"1403",252,711,926,282,1500,193,127
"1404",74,402,155,310,250,628,137
"1405",438,622,818,677,1858,713,156
"1406",650,506,567,319,1192,62,262
"1407",627,741,217,802,1165,67,116
"1408",227,524,146,823,1861,961,170
"1409",964,924,147,271,1664,897,595
"1410",431,694,1552,954,736,761,118
"1411",775,384,604,566,65,644,341
"1412",63,651,658,583,1986,796,138
"1413",8,911,946,25,567,180,402
"1414",42,646,386,258,679,773,63
"1415",867,240,1061,479,167,211,675
"1416",777,13,1644,565,1216,465,616
"1417",169,93,1223,293,1254,487,53
"1418",474,383,1760,326,1734,254,485
"1419",375,231,1919,545,864,964,464
"1420",918,466,1779,48,738,798,928
"1421",192,500,1541,501,136,775,619
"1422",713,408,288,300,856,339,351
"1423",327,743,1268,588,489,908,4
"1424",742,771,1451,866,1338,201,834
"1425",640,812,947,392,1887,516,299
"1426",138,161,1904,303,1023,51,587
"1427",298,304,247,964,485,174,475
"1428",717,219,1151,428,1909,899,436
"1429",181,713,795,804,1559,845,415
"1430",369,525,1976,290,650,558,953
"1431",178,212,543,182,1668,323,845
"1432",351,441,1390,541,660,592,744
"1433",926,132,677,833,1054,83,89
"1434",170,650,687,241,89,604,765
"1435",743,300,541,650,984,565,764
"1436",809,166,1454,113,1740,974,786
"1437",746,178,1427,532,57,758,734
"1438",511,962,594,1,1405,291,356
"1439",961,555,395,984,1643,681,522
"1440",37,213,1274,709,1463,971,503
"1441",434,533,1212,261,225,568,494
"1442",403,753,486,131,668,119,12
"1443",903,677,680,599,1524,288,449
"1444",400,761,1846,666,866,678,591
"1445",144,421,1973,660,439,692,364
"1446",693,447,52,500,1811,789,668
"1447",342,538,1660,504,1848,582,825
"1448",437,220,1381,637,1889,966,627
"1449",36,379,114,687,1331,255,771
"1450",333,616,1318,674,1457,61,604
"1451",662,931,1310,354,1276,815,853
"1452",737,980,1121,218,1321,202,72
"1453",371,367,404,647,1507,752,761
"1454",376,874,1157,285,1166,346,749
"1455",60,632,629,859,1748,645,379
"1456",328,840,1440,88,1489,251,10
"1457",164,235,1288,982,374,127,305
"1458",684,969,1137,753,857,668,707
"1459",896,344,511,745,943,527,532
"1460",251,97,45,177,609,584,479
"1461",999,725,1620,205,248,893,323
"1462",655,356,1820,340,1899,68,878
"1463",64,454,1107,661,510,144,498
"1464",218,80,1345,455,82,559,893
"1465",111,112,1365,320,1516,932,638
"1466",758,364,873,879,1048,328,173
"1467",819,405,1329,740,1756,515,873
"1468",946,844,1844,618,1543,925,837
"1469",981,971,1053,966,887,269,476
"1470",336,910,916,427,1486,422,51
"1471",97,641,1957,705,315,191,850
"1472",340,517,1407,118,630,998,451
"1473",533,669,21,8,1356,371,202
"1474",593,756,1058,942,672,550,258
"1475",960,451,1942,813,690,154,715
"1476",597,415,1954,66,1090,717,913
"1477",423,791,958,962,22,326,1
"1478",753,386,1055,539,424,64,117
"1479",558,732,1270,490,1029,447,776
"1480",861,138,190,608,809,849,682
"1481",980,950,1744,72,684,143,251
"1482",452,815,160,156,332,477,270
"1483",849,570,275,323,244,522,526
"1484",636,162,1914,265,51,104,751
"1485",244,43,1191,185,269,926,134
"1486",810,956,1500,868,1601,296,272
"1487",603,485,1385,2,1063,7,694
"1488",124,757,1192,758,496,195,465
"1489",767,587,1430,526,1414,562,152
"1490",580,583,727,111,1175,114,514
"1491",162,581,1790,430,461,689,315
"1492",857,567,28,934,168,780,149
"1493",93,40,698,888,1504,158,796
"1494",205,99,210,263,161,665,851
"1495",20,963,402,14,450,411,107
"1496",686,954,252,767,1360,684,949
"1497",176,543,454,168,1364,734,423
"1498",740,666,88,832,1171,546,816
"1499",499,73,1168,738,1580,651,679
"1500",191,419,489,313,1852,649,700
"1501",194,923,340,726,1703,192,533
"1502",392,822,1237,34,568,303,230
"1503",62,891,1110,5,299,35,241
"1504",200,689,1931,908,1211,33,11
"1505",332,888,97,470,939,491,818
"1506",666,907,215,569,1441,353,88
"1507",96,106,75,20,1592,123,106
"1508",633,977,393,259,1528,85,646
"1509",230,55,967,452,839,434,87
"1510",225,948,1285,790,1128,702,524
"1511",551,449,1269,783,1097,274,730
"1512",70,256,483,626,1949,418,788
"1513",283,159,235,337,25,581,559
"1514",377,341,623,723,63,76,766
"1515",267,606,747,169,1403,817,267
"1516",257,458,50,30,509,801,911
"1517",854,699,1024,667,455,975,78
"1518",472,539,20,226,1954,858,520
"1519",881,343,513,245,1199,850,563
"1520",256,59,1255,703,1324,457,721
"1521",985,129,438,401,1669,299,725
"1522",249,633,171,284,2,393,905
"1523",954,277,730,582,1419,622,731
"1524",288,609,740,967,991,369,803
"1525",562,245,1225,623,1183,237,939
"1526",635,983,1832,864,560,356,945
"1527",258,873,257,981,290,650,38
"1528",500,301,1736,930,52,638,113
"1529",280,375,1295,750,1190,80,15
"1530",615,258,1275,253,1371,781,896
"1531",568,695,1970,699,368,44,257
"1532",261,846,699,870,1275,785,802
"1533",33,708,276,254,1803,24,888
"1534",348,511,1550,22,371,569,741
"1535",471,691,485,117,128,132,724
"1536",402,595,1987,769,1898,397,112
"1537",276,224,1739,379,1988,793,823
"1538",187,394,1186,676,1322,614,445
"1539",608,368,148,536,222,327,313
"1540",395,186,1835,592,1421,871,47
"1541",98,661,1227,573,1523,889,886
"1542",536,657,885,681,1599,890,55
"1543",293,663,561,819,156,640,246
"1544",496,557,1322,987,1476,972,312
"1545",232,786,952,121,953,757,161
"1546",362,358,1056,202,1987,707,59
"1547",46,925,1583,499,241,970,204
"1548",408,197,1505,725,875,929,770
"1549",838,790,1262,221,1499,145,273
"1550",305,102,1370,11,981,819,440
"1551",254,800,685,540,157,478,237
"1552",427,440,1708,92,1428,530,180
"1553",870,989,570,101,1707,244,826
"1554",825,56,421,273,664,84,740
"1555",572,472,1366,344,533,778,613
"1556",827,696,706,423,677,880,665
"1557",296,77,1969,768,1583,876,705
"1558",253,278,925,731,848,547,922
"1559",601,96,639,978,212,150,858
"1560",573,515,1720,55,928,96,612
"1561",560,546,1984,786,1532,597,33
"1562",347,914,154,481,920,512,291
"1563",409,491,1650,124,1267,883,401
"1564",245,594,720,991,1379,606,398
"1565",231,930,499,521,1342,314,656
"1566",476,730,308,102,687,345,16
"1567",363,990,316,916,576,677,422
"1568",986,655,1462,89,957,181,539
"1569",182,855,34,910,1272,726,586
"1570",514,498,385,596,635,679,19
"1571",326,592,662,81,275,851,260
"1572",91,777,555,472,1340,72,946
"1573",720,294,1837,830,508,21,876
"1574",790,141,614,139,1942,830,868
"1575",125,5,665,572,1066,918,560
"1576",419,105,783,890,1816,118,397
"1577",177,393,939,710,1367,857,607
"1578",683,250,696,119,1304,222,809
"1579",877,744,118,986,1209,703,261
"1580",426,271,1625,665,1713,753,31
"1581",440,521,1834,641,1951,754,252
"1582",365,690,1718,375,1203,435,807
"1583",933,345,1546,459,1765,267,366
"1584",393,407,286,415,102,829,114
"1585",367,54,1344,420,1911,791,24
"1586",501,908,1727,951,169,751,611
"1587",210,804,954,698,296,868,264
"1588",444,15,1924,640,230,59,662
"1589",973,180,987,559,1832,494,160
"1590",649,985,279,266,799,997,404
"1591",413,772,1432,604,1080,221,328
"1592",923,130,644,912,507,655,760
"1593",893,738,678,993,910,854,253
"1594",631,794,1088,992,45,887,512
"1595",856,951,1879,803,1609,220,999
"1596",677,34,1492,240,511,452,936
"1597",51,35,1330,228,1118,131,610
"1598",989,464,862,239,330,617,757
"1599",308,793,977,42,955,735,840
"1600",26,839,1701,419,1863,542,66
"1601",958,717,933,77,354,152,933
"1602",268,648,1360,394,173,598,673
"1603",811,751,1379,975,1725,109,727
"1604",681,243,1695,70,1122,407,46
"1605",670,687,1603,99,1815,9,699
"1606",184,298,695,926,874,740,747
"1607",502,107,51,296,235,360,944
"1608",464,582,469,257,759,676,499
"1609",167,912,701,903,1401,305,597
"1610",318,116,1631,764,1003,682,181
"1611",106,710,167,230,1697,741,634
"1612",524,79,1109,199,638,904,717
"1613",185,401,579,179,1714,2,545
"1614",41,339,480,516,1269,388,552
"1615",302,424,471,463,1162,396,409
"1616",534,780,1672,314,889,460,980
"1617",589,330,1247,286,1783,376,901
"1618",467,680,1961,222,1514,694,68
"1619",546,299,1789,456,133,75,759
"1620",866,876,1434,531,854,446,23
"1621",454,88,103,95,625,503,975
"1622",587,293,1858,873,714,944,915
"1623",771,218,132,522,350,585,367
"1624",665,895,76,362,1333,208,303
"1625",325,223,344,497,1134,105,444
"1626",612,964,161,825,43,792,466
"1627",931,488,721,492,1245,161,417
"1628",596,918,583,51,397,688,136
"1629",659,904,943,955,1395,822,677
"1630",814,729,968,4,1193,843,822
"1631",160,126,267,216,1497,927,382
"1632",447,915,244,248,1354,112,898
"1633",599,542,1005,587,1239,227,623
"1634",728,537,203,52,1077,459,997
"1635",315,312,466,894,1076,968,473
"1636",830,856,574,484,223,769,879
"1637",816,768,1494,619,388,774,186
"1638",529,899,326,889,1868,206,483
"1639",291,998,1067,743,1072,362,377
"1640",532,799,318,184,1219,253,413
"1641",879,462,857,523,1351,949,821
"1642",463,620,187,553,1307,490,544
"1643",309,89,1423,658,152,662,218
"1644",282,332,390,491,135,338,584
"1645",174,830,1925,46,1204,260,443
"1646",977,165,1956,50,974,715,381
"1647",331,324,734,236,1337,370,147
"1648",446,123,410,796,570,647,309
"1649",584,287,1421,668,1575,733,857
"1650",822,850,995,387,385,11,488
"1651",142,945,1538,884,711,210,162
"1652",220,672,617,732,655,831,596
"1653",213,901,136,664,446,502,132
"1654",379,573,1947,435,698,81,636
"1655",975,281,1217,581,1151,914,702
"1656",435,202,948,941,1479,806,52
"1657",543,667,1882,305,753,468,706
"1658",299,733,426,787,820,526,37
"1659",356,311,360,384,1772,794,652
"1660",951,775,689,734,1709,366,899
"1661",224,210,1725,603,1645,916,196
"1662",212,596,1355,792,1696,290,733
"1663",228,549,1529,877,764,354,419
"1664",983,665,792,231,401,981,508
"1665",203,572,1886,316,1525,561,368
"1666",582,781,434,161,383,190,921
"1667",698,426,234,922,1017,573,961
"1668",80,886,1730,110,1577,928,931
"1669",443,317,462,822,1813,618,824
"1670",68,206,1132,364,648,309,784
"1671",373,208,544,762,1056,875,105
"1672",15,970,1474,443,1798,223,780
"1673",99,320,546,15,393,859,556
"1674",835,262,1996,342,44,915,588
"1675",571,715,664,227,104,783,405
"1676",547,935,212,678,27,983,301
"1677",712,805,1752,421,1556,847,982
"1678",645,274,635,145,346,517,968
"1679",766,121,91,122,830,714,330
"1680",826,355,1398,116,249,302,216
"1681",755,295,1611,900,267,626,194
"1682",468,654,1332,255,213,17,593
"1683",564,163,725,937,9,869,224
"1684",725,333,798,995,1706,15,222
"1685",405,976,494,318,571,146,243
"1686",620,203,1699,464,1946,749,839
"1687",704,193,1568,10,1545,157,189
"1688",556,45,1514,347,1646,924,940
"1689",577,329,769,103,219,212,310
"1690",607,352,1486,410,329,156,18
"1691",204,114,1375,630,938,982,36
"1692",719,363,294,404,739,248,331
"1693",727,720,392,520,1370,767,477
"1694",211,608,896,736,1717,215,887
"1695",574,24,627,577,75,978,973
"1696",510,712,1894,238,1736,168,691
"1697",82,64,1854,12,833,902,171
"1698",949,965,786,554,1853,89,159
"1699",180,131,1648,128,1295,111,594
"1700",94,541,1596,649,1323,463,505
"1701",708,814,1733,673,1925,402,684
"1702",581,475,442,849,1259,400,80
"1703",370,928,705,181,1913,228,263
"1704",301,398,848,129,1387,426,941
"1705",921,522,652,724,770,591,967
"1706",209,513,1847,546,592,281,548
"1707",813,569,1507,863,1704,97,56
"1708",1,194,1023,132,783,742,370
"1709",104,501,1512,707,1408,233,304
"1710",542,797,409,878,3,602,286
"1711",765,782,1203,728,466,653,143
"1712",411,716,1865,402,729,467,687
"1713",461,943,1867,812,1432,555,859
"1714",847,270,1331,775,620,448,468
"1715",95,4,1678,76,1510,86,426
"1716",791,510,1897,53,1279,862,195
"1717",489,659,1222,250,1943,521,546
"1718",404,192,470,780,683,272,97
"1719",201,688,973,795,1787,575,128
"1720",726,275,1575,237,149,529,399
"1721",680,282,1210,6,425,574,376
"1722",667,416,1902,801,1637,567,122
"1723",776,232,144,28,549,182,777
"1724",832,133,776,292,1196,350,852
"1725",297,399,1627,555,1309,252,525
"1726",557,342,901,976,1759,142,281
"1727",337,236,877,805,1571,506,383
"1728",710,149,778,186,1826,620,746
"1729",535,949,718,957,1030,977,355
"1730",628,65,927,843,1069,686,804
"1731",133,612,1081,949,245,552,714
"1732",906,601,96,784,990,629,783
"1733",13,686,1172,105,1634,120,208
"1734",67,603,25,748,300,306,983
"1735",732,461,1416,799,947,433,902
"1736",312,617,1126,585,580,124,993
"1737",491,76,508,867,1604,401,353
"1738",823,70,1373,742,880,439,104
"1739",487,46,1746,729,106,100,847
"1740",317,509,243,946,454,245,831
"1741",23,238,2,278,1613,480,828
"1742",855,111,804,399,675,329,976
"1743",754,227,179,701,1558,788,753
"1744",278,190,1410,164,1278,49,459
"1745",338,455,563,956,101,79,58
"1746",265,586,520,200,1581,289,870
"1747",782,773,183,47,1632,377,912
"1748",31,987,1405,62,1505,543,168
"1749",614,880,451,197,1184,216,629
"1750",591,143,1033,840,1139,57,534
"1751",344,302,159,883,1000,413,971
"1752",678,558,1885,590,1689,385,462
"1753",246,894,1276,341,1626,268,660
"1754",837,838,422,7,87,520,135
"1755",346,817,263,442,1235,967,193
"1756",166,959,1141,827,1357,824,554
"1757",935,982,1178,657,1294,505,506
"1758",29,598,1706,217,1817,892,334
"1759",451,276,536,75,272,110,791
"1760",869,362,327,390,1647,175,938
"1761",233,98,1687,229,1625,65,239
"1762",269,862,110,180,610,593,709
"1763",202,752,935,298,835,636,810
"1764",208,66,1908,194,585,217,190
"1765",490,565,464,685,274,545,412
"1766",422,254,1482,771,1329,247,507
"1767",69,471,449,810,334,225,3
"1768",941,683,1413,74,162,873,460
"1769",968,428,700,26,6,243,688
"1770",676,463,565,302,654,495,91
"1771",656,174,643,875,1506,634,935
"1772",110,365,1816,772,1631,911,867
"1773",147,322,1472,635,636,987,773
"1774",505,151,231,71,1829,1000,424
"1775",415,456,1002,489,1135,576,598
"1776",229,494,790,311,506,894,318
"1777",731,629,1036,242,730,69,768
"1778",84,108,1367,143,1701,424,872
"1779",952,185,750,852,1358,984,986
"1780",374,759,1838,93,1766,601,416
"1781",304,246,1726,58,1251,421,447
"1782",421,684,1219,606,257,382,287
"1783",653,735,78,436,501,294,686
"1784",7,599,683,620,1290,768,206
"1785",313,331,756,568,1567,705,553
"1786",898,999,1522,893,923,603,248
"1787",140,465,572,815,1810,825,434
"1788",198,745,739,558,1985,642,617
"1789",355,734,587,794,1800,375,221
"1790",281,939,688,998,1551,20,571
"1791",687,183,1621,232,1315,719,349
"1792",50,260,1230,820,816,458,772
"1793",108,896,1667,860,1053,823,62
"1794",541,829,1136,721,843,167,937
"1795",196,307,1836,921,1754,497,326
"1796",126,552,753,990,821,675,767
"1797",38,445,876,100,402,853,425
"1798",87,30,135,167,91,670,794
"1799",578,127,1224,233,433,430,228
"1800",512,249,1561,244,1,479,14
"1801",157,909,1159,272,888,499,145
"1802",545,94,1028,871,1120,557,372
"1803",696,39,1616,175,342,335,910
"1804",957,225,558,634,899,450,277
"1805",11,637,1812,397,1415,103,728
"1806",707,847,460,269,17,188,843
"1807",428,241,1729,973,878,578,496
"1808",139,778,1664,858,215,976,654
"1809",58,448,496,712,1423,139,502
"1810",744,749,1156,575,1711,486,885
"1811",458,437,1022,773,408,544,644
"1812",509,624,1208,369,565,484,567
"1813",381,532,1435,115,855,842,153
"1814",145,261,1694,680,1874,410,738
"1815",739,535,13,528,927,813,991
"1816",922,589,768,486,556,66,42
"1817",646,443,1673,98,331,777,701
"1818",86,31,1473,746,229,776,789
"1819",247,135,1201,835,326,501,575
"1820",324,144,1864,774,1529,342,183
"1821",339,81,367,234,1484,846,558
"1822",706,306,1349,711,1492,797,576
"1823",928,87,1356,933,1644,839,631
"1824",908,719,1034,462,1691,462,530
"1825",617,861,388,855,1388,930,433
"1826",862,591,503,350,1481,654,748
"1827",518,171,490,426,1977,496,348
"1828",284,922,1294,57,1530,810,347
"1829",131,353,193,155,1250,177,219
"1830",884,994,481,280,1060,763,429
"1831",839,881,1590,919,528,737,363
"1832",132,417,473,85,30,304,64
"1833",824,673,1751,41,929,229,693
"1834",537,682,1606,811,691,278,225
"1835",738,984,928,994,555,471,386
"1836",216,722,1608,948,417,340,865
"1837",938,819,1380,763,497,136,581
"1838",801,630,757,548,1442,701,244
"1839",804,789,782,807,1906,287,711
"1840",334,286,502,488,430,936,540
"1841",401,75,824,422,1968,979,314
"1842",638,118,35,382,120,646,289
"1843",644,588,73,67,1753,917,920
"1844",241,929,1293,980,1890,680,250
"1845",522,433,1111,465,979,87,866
"1846",803,279,1592,324,90,934,966
"1847",81,834,630,511,999,257,83
"1848",585,529,124,643,1298,122,296
"1849",721,91,1609,287,731,331,163
"1850",851,919,1075,256,1710,22,2
"1851",652,514,1266,166,595,711,236
"1852",920,237,1768,938,333,587,860
"1853",493,852,1556,306,293,943,819
"1854",967,359,548,752,1812,699,692
"1855",480,323,883,788,1996,709,577
"1856",470,623,868,901,578,802,292
"1857",390,628,58,638,1932,493,894
"1858",563,182,836,826,1411,185,950
"1859",71,366,888,270,1161,54,343
"1860",566,526,1083,892,572,872,735
"1861",406,381,1759,289,1071,126,914
"1862",380,837,1074,388,1582,693,566
"1863",314,611,143,3,1587,540,641
"1864",117,334,1943,629,1303,92,862
"1865",925,492,1852,301,1264,913,290
"1866",604,627,1781,524,897,32,811
"1867",420,758,1589,380,1092,133,271
"1868",657,470,1573,730,16,901,5
"1869",341,191,1433,291,1883,39,572
"1870",389,68,260,444,649,427,308
"1871",149,693,1842,977,763,933,338
"1872",90,863,194,563,1741,833,131
"1873",335,7,435,251,62,390,284
"1874",831,940,334,869,28,82,490
"1875",539,360,1610,276,255,920,249
"1876",900,1,1797,556,966,509,745
"1877",45,723,1773,148,1459,999,176
"1878",932,927,1124,913,462,63,480
"1879",425,136,1670,932,187,750,518
"1880",103,992,1799,391,1065,988,26
"1881",750,477,940,560,72,280,359
"1882",674,380,1167,886,1182,60,972
"1883",820,403,924,659,384,6,157
"1884",530,644,1918,720,117,613,141
"1885",970,160,396,751,1488,231,99
"1886",947,556,112,56,93,420,820
"1887",521,652,697,356,1215,286,352
"1888",647,736,1807,689,976,518,100
"1889",483,10,1411,395,1312,708,298
"1890",987,110,613,94,1865,807,418
"1891",85,8,764,159,1636,903,574
"1892",361,374,1911,64,36,367,140
"1893",939,878,1540,178,1009,946,102
"1894",10,527,691,31,1144,392,830
"1895",722,974,65,988,712,246,516
"1896",238,487,1139,856,1213,343,441
"1897",828,284,1057,985,1681,942,231
"1898",161,369,55,425,1980,171,900
"1899",319,996,1508,220,1662,656,71
"1900",115,51,1457,207,645,643,111
"1901",100,920,748,580,1982,531,958
"1902",844,9,240,352,1372,570,537
"1903",386,391,424,146,720,415,875
"1904",682,681,1248,432,1355,720,266
"1905",473,44,1351,927,218,625,288
"1906",876,60,1184,140,697,939,977
"1907",779,742,399,579,311,909,39
"1908",723,519,425,633,1025,941,457
"1909",22,740,1198,686,901,389,690
"1910",274,836,1826,398,188,464,517
"1911",883,607,1039,9,1145,28,268
"1912",909,474,376,821,590,596,542
"1913",173,139,884,509,723,98,643
"1914",478,932,105,38,1864,483,389
"1915",531,205,1194,551,728,564,841
"1916",321,95,1082,508,1362,408,414
"1917",75,561,348,754,306,528,9
"1918",436,664,1946,785,5,923,25
"1919",901,305,285,86,744,759,948
"1920",616,801,972,65,769,907,486
"1921",129,875,80,663,100,609,985
"1922",625,864,1160,133,1554,466,169
"1923",481,508,840,73,917,524,484
"1924",407,739,185,97,308,820,716
"1925",761,960,1643,195,1136,218,40
"1926",266,425,1791,502,1110,878,842
"1927",519,309,126,512,1483,633,978
"1928",907,933,1271,735,427,378,800
"1929",32,575,806,32,1366,292,729
"1930",963,310,1312,904,180,116,74
"1931",482,313,566,670,1957,147,86
"1932",664,314,737,400,1402,690,778
"1933",735,86,842,338,195,14,589
"1934",206,23,1142,441,1665,691,723
"1935",668,703,220,928,1905,265,322
"1936",874,248,1292,968,1920,394,35
"1937",77,27,1250,149,937,980,6
"1938",197,439,1148,437,1727,784,923
"1939",895,198,1688,418,1827,18,487
"1940",747,978,270,106,31,219,621
"1941",745,618,912,547,47,886,393
"1942",950,674,787,971,1350,799,779
"1943",24,308,1900,909,1845,169,726
"1944",598,724,277,997,209,551,963
"1945",757,568,854,839,594,712,919
"1946",485,765,1357,960,1715,101,391
"1947",606,505,1211,471,1310,895,500
"1948",189,993,1724,211,18,277,45
"1949",128,973,209,898,1052,657,590
"1950",460,280,292,719,352,482,666
"1951",366,48,1566,513,768,153,394
"1952",675,397,690,123,814,738,817
"1953",410,291,1626,683,1550,207,324
"1954",978,849,56,297,1994,194,32
"1955",143,140,984,907,1368,956,431
"1956",554,906,1404,702,651,673,849
"1957",264,704,807,247,1923,149,895
"1958",214,917,1599,669,674,34,474
"1959",691,200,1795,445,80,661,832
"1960",286,942,1246,979,99,952,676
"1961",219,164,1496,627,1888,481,410
"1962",525,404,1871,684,973,317,813
"1963",600,395,1234,152,1533,36,774
"1964",966,621,844,480,1847,881,990
"1965",715,177,1383,557,118,319,450
"1966",433,947,674,861,37,666,695
"1967",300,29,1359,336,1465,985,234
"1968",915,921,1127,761,1561,106,628
"1969",800,890,785,429,419,318,65
"1970",592,354,865,82,146,579,836
"1971",613,995,27,549,1513,363,795
"1972",199,158,1997,917,1169,238,358
"1973",455,6,1417,648,1818,71,603
"1974",796,626,1447,963,1934,485,255
"1975",137,376,38,671,626,706,21
"1976",151,41,184,755,1409,361,130
"1977",350,536,944,142,755,264,311
"1978",852,388,57,519,1995,358,916
"1979",621,585,163,374,1991,912,210
"1980",891,981,1445,654,1579,293,497
"1981",479,340,1533,601,471,55,592
"1982",690,636,1977,915,1214,270,698
"1983",795,49,1029,453,1096,697,283
"1984",559,14,1305,381,900,160,238
"1985",916,520,989,44,958,405,297
"1986",49,442,1450,809,1202,137,863
"1987",959,678,631,944,54,451,220
"1988",134,827,1765,798,912,232,217
"1989",287,82,878,360,1572,234,265
"1990",394,269,359,84,1799,312,864
"1991",764,692,853,947,483,372,110
"1992",237,833,1442,906,189,816,943
"1993",709,700,820,692,824,351,957
"1994",372,11,1547,448,794,404,30
"1995",56,181,1220,451,1892,381,96
"1996",242,997,770,466,641,266,493
"1997",843,770,825,503,258,355,337
"1998",637,554,1444,151,716,492,455
"1999",911,571,72,45,171,795,437
"2000",718,647,1267,733,740,184,201
